State,County,Facility,Authorizing Agent,"Known Capacity 
(if available)",Population Prior to Releases,"Overall Pop. Reduction / 
Total Number of Releases",Does the source report this reduction as a result of releases only or a mix of releases/policy changes?,Does the source give a more detailed breakdown on the releases?,"Breakdown of Releases:
Probation/Parole Tech Violation","Breakdown of Releases:
Minor Offenses","Breakdown of Releases:
On Bail with Inability to Pay","Breakdown of Releases: 
Short Time Left on Sentence","Breakdown of Releases:
Vulnerable Populations","Breakdown of Releases: 
Other (please explain)",Date,Legal Filing?,Source(s),Perma Links,"Additional Notes (explaining ""other"" column, defining vulnerable populations in this instance, etc.)"
Alabama,All,State-wide,Governor,NA,NA,NA,NA,Yes - See columns J-O,x,x,NA,x,NA,NA,NA,NA,https://www.wsfa.com/2020/04/02/ivey-order-allows-release-some-local-inmates/,https://perma.cc/CXR8-HR7T,"4.2.  Keep watch.  Policies should allow for release of many over 65, with medical conditions, and non-V crimes"
Alabama,Autauga,County-wide,Court/Sheriff,NA,167,7,Releases only,Yes - See columns J-O,NA,x,NA,NA,NA,NA,NA,NA,https://www.montgomeryadvertiser.com/story/news/crime/2020/03/18/county-jail-inmates-ordered-released-autauga-elmore-chilton-counties/2871087001/,https://perma.cc/3YNH-AM22,Misdemeanor charges
Alabama,Mobile,Mobile Metro Jail,Governor,NA,1580,480,Mix,Yes - See columns J-O,NA,x,NA,NA,x,x,NA,NA,https://www.al.com/news/2020/04/amid-covid-19-pandemic-mobile-metro-jail-releases-a-third-of-inmates.html,https://perma.cc/R39T-5ACT,"other including those on low bonds who were moved ""quickly through the system"" vulnerable = ""sickly"" and those over 55."
Alabama,Morgan,Morgan County Jail,NA,NA,640,107,Releases only,Yes - See columns J-O,NA,x,NA,NA,x,NA,NA,NA,https://hartselleenquirer.com/2020/04/19/morgan-jail-releases-nonviolent-inmates-to-protect-against-covid-19/,https://perma.cc/BZU9-P3XX,NA
Arizona,Cococino,County-wide,Court,NA,550,50,Releases only,Yes - See columns J-O,NA,x,NA,NA,NA,NA,NA,NA,https://azdailysun.com/news/local/coconino-county-jail-releases-nonviolent-inmates-in-light-of-coronavirus/article_a6046904-18ff-532a-9dba-54a58862c50b.html,https://perma.cc/4P3S-8GSH,NA
Arizona,Coconino County,Coconino County Detention Facility,NA,NA,470,235,Mix,No,NA,NA,NA,NA,NA,NA,NA,NA,https://az-coconinocounty2.civicplus.com/CivicAlerts.aspx?AID=2164,https://perma.cc/M6EW-XWXW,"Numbers given are estimates: press release says they have reduced population by 50%, with a current population of 235"
Arizona,Gila County,County-wide,NA,220,176,88,Mix,Yes - See columns J-O,NA,NA,NA,NA,NA,x,NA,NA,https://www.paysonroundup.com/covid-19/jail-population-reduced-to-avert-covid-19-spread/article_23a75c16-31c8-575c-8f4e-b9645fe7af6e.html,https://perma.cc/QEV7-CHZK,"Numbers are estimates. Sheriff say half released and now housing 88.  ""low-risk and non-violent people fuloughed"
Arizona,Maricopa,County-wide,NA,NA,7500,2200,Mix,Yes - See columns J-O,NA,x,NA,NA,NA,NA,NA,NA,https://www.azfamily.com/news/continuing_coverage/coronavirus_coverage/maricopa-county-attorneys-office-releases-charging-data-during-covid-19/article_088d69b6-88f3-11ea-b2e7-9fb8bf2b0957.html,https://perma.cc/FRS9-MBH4,"56 of the 2200 were released on bond with ""low level offense"". Not clear from article what other strategies were"
Arizona,Pima County,County-wide,Court,2300,NA,27,Releases only,Yes - See columns J-O,NA,x,NA,NA,NA,NA,NA,Yes,https://tucson.com/news/local/pima-county-jail-releases-inmates-will-transfer-some-to-pinal-county-to-reduce-population/article_9f4fab49-ef59-58da-a8f0-538d4fb3e75a.html,https://perma.cc/KE6C-TGMV,NA
Arizona,Pima County,Pima County ADC,NA,NA,2200,900,Mix,Yes - See columns J-O,NA,NA,NA,NA,NA,x,NA,NA,"https://www.kold.com/2020/05/04/hundreds-prisoners-released-early-due-covid-concerns/
https://kvoa.com/news/2020/03/27/pima-county-jail-inmates-released-to-keep-correctional-officers-inmates-safe-from-covid-19/",https://perma.cc/9LGW-SJJ7,May article itself doesn't reference releases (only population reductions ) but headline does; March article discusses release of being held on non-violent charges
Arkansas,Craighead,Craighead County Jail,NA,NA,NA,15,Releases only,Yes - See columns J-O,NA,x,NA,NA,NA,NA,NA,NA,https://www.nwaonline.com/news/2020/mar/23/prisons-jails-take-steps-to-protect-inm/,https://perma.cc/XNQ8-YK5X,"""Craighead County sheriff's office said Friday that it has released about 15 offenders held on misdemeanor charges, freeing up a 20-bed barracks in the event that some inmates need to be quarantined."""
Arkansas,Pulaski,Pulaski County jail,Courts,NA,NA,26,Releases only,Yes - See columns J-O,NA,x,NA,NA,NA,NA,NA,NA,https://www.nwaonline.com/news/2020/mar/23/prisons-jails-take-steps-to-protect-inm/,https://perma.cc/PS4K-KLBZ,"""The Pulaski County jail in Little Rock has released 26 offenders since March 13 -- none of whom faced violent felony charges -- with the permission of local judges, a spokesman said."""
Arkansas,Washington,Washington County Jail,NA,710,NA,150,Releases only,Yes - See columns J-O,x,NA,NA,NA,NA,NA,NA,NA,https://www.arkansasonline.com/news/2020/apr/11/washington-county-reduces-jail-populati/,https://perma.cc/NGG8-XRYT,NA
Arkansas,Washington,Washington County Jail,NA,710,408,25,Releases only,Yes - See columns J-O,x,NA,NA,NA,NA,NA,NA,NA,https://www.arkansasonline.com/news/2020/apr/11/washington-county-reduces-jail-populati/,https://perma.cc/393B-DWY8,NA
California,Alameda,Santa Rita,Court,NA,2500,247,Releases only,Yes - See columns J-O,NA,x,NA,x,NA,NA,NA,Yes,https://www.dailycal.org/2020/03/19/alameda-county-superior-court-releases-247-inmates-in-light-of-covid-19/,https://perma.cc/2CCU-5CEN,"Jt. request of Sheriff, DA, defense.  Appears to include sentenced people (some or all), but not very specific."
California,Alameda,NA,NA,NA,NA,500,Mix,Yes - See columns J-O,NA,NA,NA,x,NA,NA,NA,NA,https://www.berkeleyside.com/2020/04/01/in-covid-19-move-alameda-county-cut-its-jail-population-a-new-state-policy-could-undermine-that,https://perma.cc/D4UB-Q7GF,NA
California,Los Angeles,County-wide,Court,NA,NA,250,Releases only,Yes - See columns J-O,NA,x,x,NA,NA,NA,NA,NA,https://www.nbclosangeles.com/news/local/la-authorities-agree-to-release-more-than-250-inmates-from-jails/2355492/,https://perma.cc/L4JR-P7SK,250 released where bail set for most misdemeanors and lower level felonies were reduced to zero
California,Los Angeles,County-wide,NA,NA,17076,5193,Mix,No,NA,NA,NA,NA,NA,NA,NA,NA,https://www.vera.org/blog/covid-19-1/use-this-data-to-hold-your-local-jail-accountable-during-the-pandemic,https://perma.cc/9LE7-A63D,Vera (using data reported by local jurisdiction) shows decrease from 17076 to 11883 (-5193) between 2/29/20 and 4/24/20
California,Los Angeles,County-wide,Governor,NA,NA,250,Releases only,Yes - See columns J-O,NA,x,NA,NA,NA,NA,NA,No,https://ktla.com/news/local-news/1700-jail-inmates-in-l-a-county-released-over-coronavirus-concerns-sheriff-says/; https://docs.google.com/spreadsheets/d/1X6uJkXXS-O6eePLxw2e4JeRtM41uPZ2eRcOA_HkPVTk/edit#gid=1678228533,https://perma.cc/FJ2J-WPKS,"At least 1700 inmates released from custody in LA county, Sheriff reported approximately 15,000 inmates in county (unclear if this was number before or after releases) Release does not include violent offenses."
California,Marin,County jail,Court/others,NA,270,58,Mix,Yes - See columns J-O,NA,NA,NA,x,NA,NA,NA,NA,https://www.marinij.com/2020/04/03/marin-releases-jail-inmates-early-amid-covid-19-pandemic/,https://perma.cc/MV2J-NRAH,43 released with less than 60 days as permitted by high court directive; census down to 158 from average 270
California,Monterey,County-wide,NA,NA,885,244,Mix,No,--,--,--,--,--,--,NA,No,NA,NA,"Consultation with class counsel in Hernandez v. Monterey, egalvan@rbgg.com"
California,Orange,County-wide,Court,NA,5289,838,Mix,Yes - See columns J-O,NA,x,NA,x,x,NA,NA,No,https://www.ocregister.com/2020/03/30/federal-court-order-sought-to-shut-down-oc-jail-because-of-coronavirus-exposure/,https://perma.cc/BHP3-X93D,"As of March 1, population of the county's three jails has fallen by 838 to 4,451 -- in part due to early releases of medically vulnerable and nonviolent offenders"
California,Riverside,County-wide,NA,NA,3800,600,Mix,Yes - See columns J-O,NA,x,x,x,NA,NA,NA,Yes,https://www.desertsun.com/story/news/crime_courts/2020/07/22/riverside-county-jail-covid-19-plan-mandates-10-reduction-capacity/5482178002/,https://perma.cc/G2A4-TZ2P,NA
California,Sacramento,County-wide,NA,NA,3546,1140,Mix,Yes - See columns J-O,NA,x,x,NA,NA,NA,NA,Yes,"www.sacbee.com/news/local/article242582836.html
Feb 29- May 9, 2020 : http://www.bscc.ca.gov/wp-content/uploads/JPS-ADP-Data-Snapshot-Draft-6.12.2020.pdf:/",*unable to create permalink*,Article explains some releases for those with minor offenses where bail was set to zero.
California,San Diego,County-wide,NA,NA,NA,300,Releases only,Yes - See columns J-O,NA,NA,x,NA,NA,NA,NA,NA,"https://www.sandiegouniontribune.com/news/courts/story/2020-04-15/court-and-jail-releases-draft
population Feb 29- May 9, 2020 : http://www.bscc.ca.gov/wp-content/uploads/JPS-ADP-Data-Snapshot-Draft-6.12.2020.pdf",perma.cc/X8NK-JDSJ,San Diego released 300 people as now allowed by Chief Judge ruling moving bail to zero for many crimes
California,San Diego,Ocean View,NA,NA,55,34,Releases only,Yes - See columns J-O,NA,NA,NA,NA,NA,x,NA,NA,https://www.sandiegouniontribune.com/news/public-safety/story/2020-04-03/inmates-in-work-furlough-program-worry-about-risk-of-catching-coronavirus,perma.cc/X8NK-JDSJ,People on work forlough program
California,San Francisco,County-wide,Joint Initiative,NA,1100,260,Mix,Yes - See columns J-O,NA,x,NA,x,NA,NA,NA,No,https://www.correctionsone.com/coronavirus-covid-19/articles/sfs-jail-population-drops-25-after-inmates-are-released-to-thwart-covid-19-jrbfS1f1FFtKAAhp/,https://perma.cc/83Q8-GTRS,"San Francisco reduced its jail population by nearly 25% since March 4th -- combination of releasing inmates and detaining only those who present a ""serious risk of physical violence"""
California,San Luis Obispo,County-wide,Sheriff,NA,166,9,Releases only,Yes - See columns J-O,NA,x,x,NA,NA,NA,NA,NA,"https://www.ksby.com/news/local-news/zero-bail-inmate-releases-underway-at-local-jails
capacity number:  https://www.sanluisobispo.com/news/local/news-columns-blogs/photos-from-the-vault/article226075495.html",https://perma.cc/MHE8-HNG7; https://drive.google.com/file/d/1A9juAv90kHAlB7hmSTK3bZ4vthYFrYlg/view?usp=sharing,"Pursuant to Supreme court order, reducing bail to zero for people detained on non-violent and misdemeanor charges, jail identified 60 eligible people, list was reduced to 32 and DA challenged 23, 9 released."
California,San Mateo,County-wide,"Sherrif, courts",1500,969,382,Releases only,Yes - See columns J-O,x,NA,x,x,x,NA,NA,No,https://almanacnews.com/news/2020/04/16/hundreds-of-inmates-have-been-released-from-san-mateo-county-jails-in-recent-weeks,perma.cc/83Q8-GTRS,vulnerable is over 65.  Seems to be medical review also.
California,Santa Clara,County-wide,NA,NA,3200,1044,Mix,Yes - See columns J-O,NA,x,x,NA,NA,NA,NA,NA,https://www.mercurynews.com/2020/05/28/coronavirus-amid-new-jail-infections-south-bay-activists-push-for-more-releases/,https://perma.cc/JA9W-5A3Z,Reduction due in part to setting zero bail for some low level felonies and misdemeanor holds
California,Santa Clara,County-wide,Sheriff,NA,NA,6,Releases only,Yes - See columns J-O,NA,x,NA,x,NA,NA,NA,No,https://www.ktvu.com/news/santa-clara-co-sheriff-releases-6-inmates-early-to-slow-spread-of-coronavirus,https://perma.cc/43RH-Y74A,"lower level, with little time left on sentence released to homeconfinement with ankle bracelets"
California,Sant Barbara,County-wide,NA,NA,922,344,Mix,Yes - See columns J-O,NA,x,NA,NA,NA,NA,NA,No,"https://www.noozhawk.com/article/covid_19_cases_rise_by_19_to_373_in_santa_barbara_county_20200417
www.independent.com/2020/07/21/could-reducing-santa-barbara-jail-population-be-historic-and-permanent/
",https://perma.cc/RWS7-8WQD; https://perma.cc/ZU2V-X7GJ,lower level crimes.  Program described in earlier article.  Prior population from vera.org
California,State-wide,State-wide,NA,NA,NA,NA,Mix,No,NA,NA,NA,NA,NA,NA,NA,NA,https://www.theguardian.com/us-news/2020/apr/29/california-bail-jails-coronavirus-criminal-justice?utm_source=The+Marshall+Project+Newsletter&utm_campaign=99c8b24032-EMAIL_CAMPAIGN_2020_04_30_11_44&utm_medium=email&utm_term=0_5e02cdad9d-99c8b24032-166145513,https://perma.cc/C7RU-YK4D,State-wide county adult jails have decreased population from 72.4 K to 54.6 K (late Feb to mid April). 3.2 K since April 1.
California,Orange,Central Jail Complex/Theo Lacy Facility/James A. Musick FAcility,Court System,5039,5289,2258,Mix,Yes - See columns J-O,NA,NA,NA,X,X,X,NA,No,https://voiceofoc.org/2020/04/nearly-100-orange-county-inmates-test-positive-for-coronavirus-public-employee-union-raises-concerns-over-lack-of-equipment/,https://perma.cc/52FW-5DSY,"Source gives more informaiton regarding breakdown of Orange County jail releases. 403 were released early - 137 of whom are medically vulnerable. Additionally, 433 were released becasue they were ""likely to be low-risk low-offenders"""
California,Solano,Justice Center Detention Facilty/Claybank Detention Facility/Stanton Correctional Facility,Court System,1434,697,305,Mix,Yes - See columns J-O,NA,NA,NA,X,NA,NA,NA,No,http://beniciaindependent.com/solano-county-jail-nurse-tests-positive-for-covid-19-up-to-60-inmates-to-go-free/,https://perma.cc/6YE3-YVWM,People convicted of DV or who are requried to register as a sex offender were excluded from release. Up to 60 people were released.
California,Yuba,Yuba County Jail,Court System,428,378,180,Releases only,Yes - See columns J-O,NA,NA,X,NA,NA,NA,NA,No,https://kubaradio.com/yuba-county-jail-releasing-some-inmates-to-reduce-conoravirus-spreading/,https://perma.cc/APA5-TFRJ,"Source is extremely limited, only stating that as a result of zero-bail they've reduced their population, ""by more than 20%"". News site does not even have a date on the story. Wasn't able to find any other Yuba info. (site viewed 6.5.20, but not sure when quote is from."
Colorado,Boulder,NA,NA,NA,NA,100,Releases only,Yes - See columns J-O,NA,NA,NA,x,x,NA,NA,NA,https://coloradosun.com/2020/04/04/colorado-prisons-jails-coronavirus-covid-criminal-justice/; https://www.brennancenter.org/our-work/research-reports/reducing-jail-and-prison-populations-during-covid-19-pandemic,https://perma.cc/MP23-VDFD; https://perma.cc/9XT7-FTK7,More than 100 people have been released from Boulder County Jail in Colorado following efforts from the district attorney’s office to reduce the jail population based on preexisting medical conditions and utilizing personal recognizance bonds.
Colorado,Denver,Denver Cty jail,NA,NA,2000,450,Mix,Yes - See columns J-O,NA,NA,NA,x,x,x,NA,NA,"https://coloradosun.com/2020/04/04/colorado-prisons-jails-coronavirus-covid-criminal-justice/; https://www.brennancenter.org/our-work/research-reports/reducing-jail-and-prison-populations-during-covid-19-pandemic
https://denverite.com/2020/04/20/denvers-jail-population-is-drastically-shrinking-but-inmates-and-deputies-are-far-from-immune-to-coronavirus/",https://perma.cc/MP23-VDFD; https://perma.cc/9XT7-FTK7,"Combination of early release and decreased admissions, and perhaps other actions.  A second article on the same release preference is given to those of 60, pregnant and at particular medical risk, have less than 60 days on sentences, and on work release."
Colorado,Jefferson,JC jail,NA,1100,1303,556,Mix,Yes - See columns J-O,NA,NA,x,x,NA,NA,NA,NA,https://www.denverpost.com/2020/04/01/colorado-jails-inmate-release-coronavirus-covid/,https://perma.cc/E7Y9-K3F5,"Releases were of people with less than 1/2 of their sentence left, and whose bail could be reduced so they could afford it."
District of Col,DC jail,DC jail,NA,NA,1850,1442,Mix,Yes - See columns J-O,NA,x,NA,NA,NA,NA,NA,NA,https://www.washingtonpost.com/local/legal-issues/dc-jail-inmates-with-coronavirus-barred-from-access-to-lawyers-family-showers-changes-of-clothing-inspectors-say/2020/04/15/69a86c9e-7f36-11ea-9040-68981f488eed_story.ht,https://perma.cc/B5RZ-E7TW,"Article says the decrease was ""since last month"" Number includes 92 people sentenced to misdemeanors"
Florida,Broward,County-wide,NA,NA,3600,400,Releases only,Yes - See columns J-O,NA,NA,x,NA,NA,x,NA,NA,https://www.sun-sentinel.com/coronavirus/fl-ne-broward-inmate-jail-death-20200408-4gq7gjrzmjd2nk5xk6k37ikqvy-story.html?utm_source=The+Marshall+Project+Newsletter&utm_campaign=18fe44a8fd-EMAIL_CAMPAIGN_2020_04_10_11_36&utm_medium=email&utm_term=0_5e02cdad9d-18fe44a8fd-166145513,https://perma.cc/NQK2-HEED,"Combination of reasons, including daily hearings to reduce bonds for some."
Florida,Duval,Duval County Jail,NA,2189,NA,500,Mix,Yes - See columns J-O,NA,x,NA,NA,NA,x,NA,NA,https://www.actionnewsjax.com/news/local/duval-county/hundreds-non-violent-inmates-released-early-duval-county-jail-per-sao/ZSMB3BGVYZDSND6YWYVIM23DNA/,https://perma.cc/UPD2-69JS,other corresponds to nonviolent offendors
Florida,Duval,Duval County Jail,Sheriff with State Attorney's Office,NA,2219,351,Mix,Yes - See columns J-O,NA,x,NA,x,NA,NA,NA,NA,https://www.news4jax.com/news/local/2020/04/28/jso-duval-county-jail-population-down-nearly-16-no-reported-cases-of-covid-19/,https://perma.cc/5PGJ-LYVB,"Jail population has dropped by approximately 16% over about a month, after the jail released people who were nearing the end of their misdemeanor sentences."
Florida,Duval,Duval County Jail,NA,NA,NA,50,Releases only,Yes - See columns J-O,NA,x,NA,NA,NA,NA,NA,No,https://www.news4jax.com/news/local/2020/07/22/nearly-50-more-nonviolent-offenders-released-from-duval-county-jail-as-part-of-effort-to-lower-population/,https://perma.cc/LT3Y-XA9L,"50 people classified as in on ""non-violent"" charges released in July"
Florida,Escambia,Escambia County Jail,NA,815,1459,100,Releases only,Yes - See columns J-O,NA,x,NA,NA,NA,x,NA,NA,https://www.pnj.com/story/news/crime/2020/04/15/coronavirus-100-escambia-county-inmates-released/5138959002/      https://myescambia.com/our-services/corrections/community-detention/jail,https://perma.cc/2BHK-EXAF; https://perma.cc/3L7T-DD62,"other corresponds to nonviolent offendors without a bad record, 2 sources (1 corresponds to releases, the other corresponds with capacity)"
Florida,Hillsborough,County-wide,Sheriff,NA,2700,164,Releases only,Yes - See columns J-O,NA,x,--,NA,NA,NA,NA,No,https://www.clickorlando.com/news/local/2020/03/19/coronavirus-lake-county-releases-inmates-to-decrease-jail-population/,perma.cc/2MDW-65DS,"Release was of people in on non-violent charges, including some who were only there because of inability to pay bail"
Florida,Lake County,County-wide,Sheriff,NA,NA,44,Releases only,Yes - See columns J-O,NA,x,NA,NA,NA,NA,NA,No,https://www.clickorlando.com/news/local/2020/03/19/coronavirus-lake-county-releases-inmates-to-decrease-jail-population/,perma.cc/2MDW-65DS,NA
Florida,Miami,County-wide,NA,NA,4000,707,Mix,Yes - See columns J-O,NA,x,NA,NA,NA,NA,NA,NA,https://www.miamiherald.com/news/local/crime/article242379261.html,https://drive.google.com/file/d/1A9juAv90kHAlB7hmSTK3bZ4vthYFrYlg/view?usp=sharing,"Joint effort between judges, prosecutors, and defense attorneys to release low risk people account for some."
Florida,Miami-Dade,County-wide,State Attorney,NA,NA,18,Mix,Yes - See columns J-O,NA,NA,NA,x,NA,NA,NA,Yes,https://miami.cbslocal.com/2020/04/04/coronavirus-impact-miami-dade-to-release-18-inmates-early-because-of-covid-19/.      https://patch.com/florida/miami/miami-dade-prosecutors-public-defenders-courts-continue-4th-phase-covid-19-early-jail,Page Not Found,"18 releases but expecting more in the future, so we need to continue to check in on this county. one death"
Florida,Orange County,Orange County Jail,State Attorney,NA,NA,300,Mix,Yes - See columns J-O,NA,x,x,NA,NA,NA,NA,NA,https://www.fox35orlando.com/news/hundreds-of-inmates-released-from-orange-county-jail-amid-covid-19,https://perma.cc/XM2L-JVNQ,"high bonds or unnecessary bonds, lower level offenses who will be getting probation or released"
Florida,St. Johns,St. Johns County Jail,Chief Judge,NA,396,28,Mix,Yes - See columns J-O,NA,x,NA,x,NA,x,NA,NA,https://www.news-journalonline.com/news/20200320/coronavirus-forcing-inmate-releases-from-jail-in-volusia-and-st-johns-state-prisons-go-on-lockdown. https://countyjailphonecalls.com/florida/st-johns-county-jail/,https://perma.cc/8ZGT-9TVD,other corresponds to nonviolent offendors
Florida,Volusia,Volusia County Branch Jail,Chief Judge,714,NA,88,Mix,Yes - See columns J-O,NA,x,NA,x,NA,x,NA,Yes,https://www.news-journalonline.com/news/20200320/coronavirus-forcing-inmate-releases-from-jail-in-volusia-and-st-johns-state-prisons-go-on-lockdown,https://perma.cc/6WUK-PX73,"released ""nine pre-trial suspects on their own recognizance. The other sprung 79 inmates with less than 30 days left on their respective sentences"""
Florida,Alachua,Alachua County Jail,NA,975,724,22,Releases only,Yes - See columns J-O,NA,NA,x,NA,NA,x,NA,NA,"capacity: http://floridainmatesearch.net/sheriff/alachua-county-jail/
releases:https://www.newsbreak.com/news/0OXKAPEv/actions-being-taken-to-stop-spread-of-covid-19-at-alachua-county-jail",https://perma.cc/4AQQ-DA45; https://perma.cc/ES47-8Q89,"Bails reset to ROR and release ""weekenders"" to home"
Florida,Hillsborough,Hillsborough County Jail,County Sheriff,NA,NA,164,Releases only,Yes - See columns J-O,NA,x,NA,NA,NA,x,NA,NA,https://www.yoursun.com/charlotte/local-inmates-will-not-be-released-early-because-of-covid-19/article_26d28588-69f3-11ea-a6a1-370615a44f50.html,https://perma.cc/ZG7R-9UJB,other corresponds to nonviolent offendors
Georgia,Cobb,County-wide,NA,NA,NA,800,Releases only,Yes - See columns J-O,NA,NA,x,NA,NA,x,NA,NA,https://www.wsbtv.com/news/local/cobb-county/hundreds-inmates-released-metro-jails-because-coronavirus-outbreaks/S4SFLXLKVZAVHGC3ZLZIPQEOYY/,https://perma.cc/V4UF-VFT2,"Not entirely clear how many releases due to COVID, some bonded out, others took pleas. Expedited process"
Georgia,Colquitt,Colquitt County Jail,NA,NA,229,61,Releases only,Yes - See columns J-O,NA,NA,NA,x,NA,NA,NA,Yes,https://www.moultrieobserver.com/news/local_news/jail-releases-61-inmates-to-ease-virus-response/article_b42fe15c-73b5-11ea-adc2-9b2f13c11249.html,https://perma.cc/Y89C-UBBE,Mostly people sentenced to non-violent misdmeanors sentenced with less than 60 days left according to the Sheriff.
Georgia,Dekalb,NA,Sheriff,NA,NA,103,Releases only,Yes - See columns J-O,NA,x,NA,NA,NA,NA,NA,No,https://www.ajc.com/news/local/dekalb-releases-103-inmates-from-jail-window-dressing-critics-say/9Fkb485Fq3Fwq9XXD44peK/,perma.cc/MN7X-DG39,NA
Georgia,Dougherty,County-wide,"Sheriff, Courts",NA,585,156,Mix,Yes - See columns J-O,x,NA,x,x,NA,NA,NA,NA,https://www.vera.org/blog/covid-19-1/albany-georgia-reduces-jail-population-by-27-percent-in-response-to-coronavirus,perma.cc/L9UH-CJGF,releases using GA law that allows for early release and release of technical parole violation holds.  Still a very high rate of incarceration.
Hawaii,All,State-wide,Courts,NA,2189,811,Mix,NA,NA,NA,NA,NA,NA,NA,NA,NA,https://www.hawaiitribune-herald.com/2020/05/01/hawaii-news/hilo-jail-population-down-160-inmates-due-to-court-order/,perma.cc/YDK9-LSX2,NA
Hawaii,Maui,Maui Community Correctional Center,Courts,301,450,167,Mix,No,NA,NA,NA,NA,NA,NA,NA,NA,https://www.mauinews.com/news/local-news/2020/05/jail-population-in-wailuku-drops-below-300-with-inmate-releases/,perma.cc/638J-8WDS,"New jail population ""is below the facility’s operational capacity of 301 but above the design capacity of 209. The number represents a 38 percent decline since March 2, when 450 inmates were in the jail."""
Illinois,Cook,NA,some by court,NA,5500,860,Releases only,Yes - See columns J-O,NA,NA,x,NA,NA,NA,NA,NA,https://www.chicagotribune.com/coronavirus/ct-coronavirus-cook-county-jail-mass-bail-20200403-eqatzgpemzg2jekyrvb23zpu6i-story.html?utm_source=The+Marshall+Project+Newsletter&utm_campaign=d564ad391b-EMAIL_CAMPAIGN_2020_04_06_11_35&utm_medium=email&utm_term=0_5e02cdad9d-d564ad391b-166145513,perma.cc/UVX5-DBJ8,800 people released follow chief judge ordered bond review process; 60 bailed by Bail Fnd Project
Indiana,Boone,NA,NA,NA,171,15,Releases only,Yes - See columns J-O,NA,NA,NA,x,NA,NA,NA,NA,https://www.wthr.com/article/some-jails-releasing-inmates-early-curb-covid-19-threat,perma.cc/99HM-EXRG,"County sheriff, prosecutors, public defenders and the court system have been working together to release some inmates who have nearly finished their sentences. Sheriff said: ""We were able to reduce our inmate population by 15 people that way."""
Indiana,Daviess County,NA,NA,NA,200,65,Mix,Yes - See columns J-O,NA,NA,NA,x,NA,x,NA,No,https://www.washtimesherald.com/indianawashington/covid-threat-brings-down-jail-population/article_27b5fb20-7de3-11ea-9d4d-5726dc1c6e30.html,https://drive.google.com/file/d/1nZdaQst8YQnnupLAVm4t0Vdqvlzvxkp6/view?usp=sharing,Work release and short time left on sentence accounted for most of releases
Indiana,Howard,Howard County Jail,NA,NA,447,85,Releases only,Yes - See columns J-O,NA,x,NA,x,x,NA,NA,NA,https://www.kokomotribune.com/news/covid-19/howard-co-jail-releases-up-to-100-inmates-due-to-covid-19/article_9ce3f34c-7835-11ea-901f-bbe76255662e.html,perma.cc/K8QQ-7SG9,NA
Indiana,Monroe,Monroe County Jail,Courts,NA,NA,100,Releases only,Yes - See columns J-O,NA,x,NA,NA,NA,NA,NA,NA,https://indianapublicmedia.org/news/monroe-county-jail-receiving-equipment-to-deter-the-spread-of-covid-19.php,https://perma.cc/N8WB-MMNN,"article reports releases of ""nearly 100 low-level offenders"""
Indiana,Montgomery,NA,NA,NA,212,100,Releases only,No,NA,NA,NA,NA,NA,NA,NA,NA,https://www.wthr.com/article/some-jails-releasing-inmates-early-curb-covid-19-threat,perma.cc/WGL4-YQXL,NA
Iowa,Polk,County-wide,NA,NA,1000,700,Mix,No,NA,NA,NA,NA,NA,NA,NA,NA,https://www.kcci.com/article/iowa-to-release-prisoners-to-minimize-spread-of-covid-19/32216621,perma.cc/F594-ZMN6,NA
Kentucky,All,State-wide,Governor,NA,NA,352,Releases only,Yes - See columns J-O,NA,NA,NA,NA,x,x,NA,No,https://www.msn.com/en-us/news/us/record-set-with-322-new-kentucky-coronavirus-cases-total-is-3779-nine-new-deaths/ar-BB13azmR,perma.cc/7A5N-JYUU,Governor commuted non-violent felony sentences of people with less than 5 years and underlying medical conditions
Kentucky,All,State-wide,NA,21303,24071,5184,Mix,Yes - See columns J-O,x,x,NA,NA,x,NA,NA,No,https://kypolicy.org/to-protect-kentuckians-from-covid-19-state-needs-to-build-on-already-significant-declines-in-incarceration/,perma.cc/P65L-YTC2,"Series of commutations by gov, releasing people held for fines and fees, and others described in article (numbers reported in next two rows were backed out of this total -- originally 5584"
Kentucky,Fayette,NA,NA,NA,NA,48,Releases only,Yes - See columns J-O,NA,x,NA,x,x,NA,NA,NA,https://www.kentucky.com/news/coronavirus/article241512051.html,perma.cc/NNL5-Y776,48 nonviolent offenders released from Lexington Jail. Many are older or have pre-existing med conditions that make them at at-risk. Over half of the 28 had fewer than 45 days left to serve.
Maine,All,State-wide,NA,NA,1800,650,Mix,Yes - See columns J-O,NA,NA,NA,x,NA,x,NA,NA,https://www.wmtw.com/article/maine-prisons-and-jails-increase-safety-precautions-decrease-population-during-coronavirus-outbreak/32147891,perma.cc/N3GV-S5YB,Jail population state wide is down 37%.  York County down 50%.  Cumberland released people within 90 days and in work release. 1800 number taken from PPI: https://www.prisonpolicy.org/profiles/ME.html 2018 data
Maryland,Baltimore,City-wide,Prosecutor,NA,NA,60,Releases only,Yes - See columns J-O,NA,x,NA,NA,NA,NA,NA,NA,https://www.wbal.com/article/444619/3/dozens-released-from-baltimore-jails-prisons?utm_source=The+Marshall+Project+Newsletter&utm_campaign=093f6d2f3b-EMAIL_CAMPAIGN_2020_04_07_11_34&utm_medium=email&utm_term=0_5e02cdad9d-093f6d2f3b-166145513,perma.cc/8TZW-8EJY,NA
Maryland,Charles County,County-wide,NA,NA,NA,30,Releases only,No,NA,NA,NA,NA,NA,NA,NA,NA,https://www.somdnews.com/emergency_notice/some-charles-county-detainees-released/article_8bf65b91-a62f-589e-a69d-851e74acf12d.html,perma.cc/74VS-HD5U,NA
Maryland,Prince George's,County jail,Courts with State's Attorney,1524,723,50,Releases only,Yes - See columns J-O,NA,x,x,x,NA,NA,NA,NA,https://www.wusa9.com/article/news/health/coronavirus/coronavirus-jails-prince-georges-county-corrections-center/65-9e10103f-20a5-4583-924a-2a23ad99629f,perma.cc/EGE3-Y2BB,NA
Massachusetts,Barnstable County,Barnstable County Jail,court order,588,250,162,Mix,Yes - See columns J-O,NA,NA,NA,X,NA,NA,NA,NA,"https://patch.com/massachusetts/falmouth/no-new-coronavirus-cases-barnstable-county-jail; https://www.capecodtimes.com/news/20200317/virus-puts-barnstable-county-jail-on-lockdown#:~:text=The%20correctional%20facility%20has%20a,inmate%20a%20cell%20to%20themselves.",perma.cc/P68E-QS95; perma.cc/V8SH-SNXJ,"second article: ""The correctional facility has a capacity of 588 inmates, but only 250 are currently incarcerated there."" ; patch article: ""The number of inmates at the state's correctional facility in Barnstable County has dropped 17 percent to 162 from 195 on April 5"""
Massachusetts,Berkshire County,Berkshire County Jail,Berkshire District Attorney,500,NA,22,Mix,Yes - See columns J-O,X,NA,X,NA,NA,X,NA,NA,"https://www.berkshireeagle.com/stories/22-inmates-approved-for-release,602782; Capacity: https://bcsoma.org/our-facilities/#:~:text=Berkshire%20County%20Jail%20and%20House%20of%20Correction&text=Located%20at%20467%20Cheshire%20Road,inmate%20capacity%20is%20about%20500.",perma.cc/PYK4-9RKS; perma.cc/Y4EF-H57F,22 of 45 motions passed in terms of releases; non-violence releases
Massachusetts,Bristol County,Bristol County House of Correction and Jail,sheriff,1100,NA,37,Mix,No,NA,NA,NA,NA,NA,x,NA,NA,https://thepublicsradio.org/article/bristol-county-jail-inmates-detainees-describe-filth-and-fear-in-lead-up-to-violence; Capacity: https://www.bcso-ma.us/facilities.htm,perma.cc/M856-8JJN; perma.cc/RVH4-VM8F,"""So far in Bristol County, 37 inmates and almost 50 ICE detainees have been released in response to legal efforts related to the pandemic."""
Massachusetts,Essex County,three correction facilities in county,court order,NA,1162,975,Mix,No,NA,x,NA,x,NA,NA,NA,NA,https://patch.com/massachusetts/danvers/essex-county-jail-population-down-17-percent-court-order,perma.cc/RQ24-UVLP,"""The number of inmates at the state's three correctional facilities in Essex County has dropped 16.9 percent to 975 from 1,162 on April 5, when a sweeping court order allowed the release of nonviolent offenders to slow the spread of the coronavirus."""
Massachusetts,Hampshire County,Hampshire County Jail and House of Corrections,sheriff,248,NA,94,Mix,No,NA,NA,NA,NA,NA,x,NA,NA,https://www.gazettenet.com/More-inmates-at-the-Hampshire-County-jail-test-positive-for-COVID-19-33893116,perma.cc/99DN-67G5,"""Cahillane also said that since March 16, the jail has returned 84 inmates to the community through COVID-19 releases, bail and personal recognizance, including 10 inmates who have been released through electronic monitoring. Case reviews are ongoing, he said."""
Massachusetts,Middlesex County,Middlesex Jail and House of Correction,sherriff,NA,788,226,Releases only,No,NA,NA,NA,NA,NA,NA,NA,NA,https://www.middlesexsheriff.org/covid19,https://drive.google.com/file/d/1zlRNj06kfi6WMkj6ByHbbZg1wNXP3s9N/view?usp=sharing,"As of June 4th, ""562 individuals are in custody, down nearly 30 percent from 788 on March 7."" (788 marked as population prior to release)"
Massachusetts,Plymouth,county-wide,NA,NA,811,171,Mix,Yes - See columns J-O,NA,NA,x,x,NA,NA,NA,NA,https://news.yahoo.com/plymouth-county-jail-population-down-222304678.html,perma.cc/P9E6-DSZK,Includes 53 released as a result of Supreme Court of Mass order:  setting bails for most offenses to zero and serving sentences of 60 days or less.
Massachusetts,Plymouth County,Plymouth County Jail,Supreme Judicial Court Ruling,1140,811,53,Mix,No,NA,NA,NA,NA,NA,X,NA,NA,https://patch.com/massachusetts/hingham/plymouth-county-jail-population-down-20-percent-court-order,perma.cc/YH58-VF83,"""The number of inmates at the state's correctional facility in Plymouth County has dropped 19.9 percent to 640 from 811 on April 5"" ; ""The state said 53 inmates were released in Plymouth County due to the Supreme Judicial Court ruling."""
Massachusetts,State-wide,all county jails,court order,NA,NA,1010,Mix,Yes - See columns J-O,X,NA,NA,X,NA,X,NA,NA,https://patch.com/massachusetts/falmouth/no-new-coronavirus-cases-barnstable-county-jail,perma.cc/Y88W-4D4W,"""""Across Massachusetts, 1,030 prisoners have been released from county jails under the order""; Note: While the article says 1030 releases statewide, I have subtracted 20 which has been documented one line below for Barnstable County."
Massachusetts,State-wide,State-wide,NA,NA,6362,758,Releases only,Yes - See columns J-O,NA,NA,x,x,NA,NA,NA,NA,https://www.google.com/url?q=https://news.yahoo.com/plymouth-county-jail-population-down-222304678.html&source=gmail&ust=1590598917162000&usg=AFQjCNH2fFZN5dTzK6dFU8CtscWx-YnzZQ,https://perma.cc/S4SN-TW69,"Released as a result of Supreme Court of Mass order:  setting bails for most offenses to zero and serving sentences of 60 days or less.   Less the 53 reported in Plymouth below. Before population from MA ACLU tracker, subtracted the Plymouth Before data reported in article below)"
Massachusetts,Suffolk County,Suffolk County Jail,judges,1892,NA,47,Releases only,No,NA,NA,NA,NA,NA,NA,NA,NA,"https://www.boston25news.com/news/health/25-investigates-more-inmates-released-mass-prisons-jails-amid-coronavirus-fears/NJQDCZBSCFETXHUTIHMNQ3DE2I/; Capacity: http://www.scsdma.org/faqs/#:~:text=A.,capacity%20can%20house%201892%20inmates.",perma.cc/96DE-SFT9; perma.cc/E95A-EYX5,"""According to the ACLU, judges have released 47 in Suffolk County"""
Massachusetts,Worcester County,Worcester County Jail and House of Corrections,court order,1000,781,312,Releases only,No,NA,NA,NA,NA,NA,NA,NA,NA,"https://www.vera.org/projects/covid-19-criminal-justice-responses/covid-19-data; Capacity: https://worcestercountysheriff.com/2018/06/05/worcester-county-house-of-correction-breaks-ground-for-new-facility/#:~:text=The%20Worcester%20County%20Jail%20and%20House%20of%20Correction%20is%20responsible,a%20staff%20of%20over%20600.",perma.cc/DMZ2-3D9X; perma.cc/4D9V-6AJK,"*cases, reductions, and releases (VERA data); only county listed on VERA in MA"
Michigan,Oakland,county-wide,NA,NA,1079,152,Releases only,Yes - See columns J-O,NA,NA,NA,x,NA,NA,NA,NA,https://www.clickondetroit.com/news/local/2020/04/02/hundreds-of-inmates-released-from-metro-detroit-county-jails-amid-coronavirus-covid-19-outbreak/,perma.cc/38G5-2VJP,end of sentence accounts for some of reduction.  No information here about what other strategies used
Michigan,Ogemaw,county-wide,NA,NA,93,31,Mix,Yes - See columns J-O,NA,x,x,NA,x,NA,NA,NA,"https://ogemawherald.com/stories/jail-releases-certain-inmates-due-to-covid-19-pandemic,109566",perma.cc/27ED-EEBP,NA
MIchigan,Wayne,County-wide,NA,NA,1410,534,Mix,No,NA,NA,NA,NA,NA,NA,NA,NA,Vera data,https://perma.cc/JJL3-8V49,Simply compares population on 2/29/2020 and 4/28/20.  Totals change daily
Minnesota,Hennepin,County-wide,NA,NA,815,359,Mix,No,NA,NA,NA,NA,NA,NA,NA,NA,https://spokesman-recorder.com/2020/04/22/hennepin-county-jail-population-cut-by-44-in-light-of-covid-19/,perma.cc/5PSA-BZW2,NA
Minnesota,Ramsey,County-wide,Courts with prosecutor consent,NA,393,153,Releases only,Yes - See columns J-O,NA,x,NA,NA,x,NA,NA,NA,https://www.twincities.com/2020/03/23/order-allows-ramsey-county-inmates-serving-for-misdemeanors-low-level-felonies-to-be-released-to-home-monitoring-amid-covid-19/,perma.cc/QR7G-LPXD,NA
Nevada,Clark County,County-wide,NA,NA,2900,115,Releases only,No,NA,NA,NA,NA,NA,NA,NA,NA,https://lasvegassun.com/news/2020/apr/21/115-clark-county-jail-inmates-released-virus-threa/,perma.cc/8GXB-PY44,NA
New Jersey,State-wide,State-wide,NA,NA,8933,1361,Mix,No,NA,NA,NA,NA,NA,NA,NA,NA,https://www.nj.com/coronavirus/2020/04/nj-county-jail-population-plunges-with-inmate-releases-fewer-arrests-in-coronavirus-crisis.html,perma.cc/759L-72BF,"Article has table showing each county jail population in early and late March. Total reduction was 2058.  The total reduction shown on this spreadsheet, excludes the 697 releases described in the line below."
New Jersey,State-wide,State-wide,Courts,NA,NA,697,Releases only,Yes - See columns J-O,x,x,NA,NA,NA,NA,NA,Yes,https://www.nj.com/coronavirus/2020/04/nj-county-jail-population-plunges-with-inmate-releases-fewer-arrests-in-coronavirus-crisis.html,perma.cc/759L-72BF,Table 2 shows 697 releases due to court order covering release of people being held in jail on technical parole violations and less than 1 year sentences.  Table 2 details release by county.
New York,Monroe,Monroe County jail,Governor,NA,702,51,Releases only,Yes - See columns J-O,x,NA,NA,NA,NA,NA,NA,NA,https://www2.monroecounty.gov/files/sheriff/Press%20Releases/News%20Release%20-%20NYS%20Parole%20Releases%20Inmates%20from%20MCJ%20-03.28.20.pdf,https://perma.cc/5X2F-AAF7,Press release from sheriff releasing 51 people held on technical parole violations.
New York,NYC,city-wide,NA,NA,5500,1000,Mix,Yes - See columns J-O,x,NA,NA,x,x,NA,NA,NA,https://www1.nyc.gov/site/boc/covid-19.page,perma.cc/R7K3-G9ZT,"NYC Board of Correction show reduction of 1600 from 3.16.20 to 5.8.2020, including 443 people sentenced to less than one year, 500 people held on technical parole violation; line below subtracted from 1600 to get 1000. MD"
New York,NYC,City-wide,Courts,NA,NA,51,Releases only,Yes - See columns J-O,x,NA,NA,NA,x,NA,NA,Yes,https://www.law.com/newyorklawjournal/2020/04/13/legal-aid-wins-release-of-51-more-persons-held-at-rikers-island-on-alleged-parole-violations/?slreturn=20200314112024,perma.cc/8L9M-5CGT,Legal Aid Wins Release of 51 More Persons Held at Rikers Island on Alleged Parole Violations
New York,NYC,City-wide,Courts,NA,NA,28,Releases only,Yes - See columns J-O,NA,x,NA,NA,NA,x,NA,Yes,https://theappeal.org/parole-violations-coronavirus-new-york-city-jails/?utm_source=The+Marshall+Project+Newsletter&utm_campaign=18fe44a8fd-EMAIL_CAMPAIGN_2020_04_10_11_36&utm_medium=email&utm_term=0_5e02cdad9d-18fe44a8fd-174516773,perma.cc/J7ZP-J83W,Court orders 28 people who had violations of parole who were awaiting transfer to state SA program released to supervision
New York,NYC,City-wide,Governor,NA,NA,106,Releases only,Yes - See columns J-O,x,NA,NA,NA,NA,NA,NA,Yes,https://www.timesunion.com/news/article/Deaths-surge-again-in-New-York-from-coronavirus-15160973.php,perma.cc/FG4Q-BHL2,Legal Aid clients discharged;  Governor order allowed for release of 1100 people being held on technical parole violations from jails across the state.
New York,NYC,city-wide,Mayor,NA,NA,300,Releases only,Yes - See columns J-O,NA,NA,NA,x,NA,x,NA,No,https://www.cnbc.com/2020/03/24/coronavirus-new-york-city-to-release-300-nonviolent-inmates-from-rikers-island.html,perma.cc/Z9KU-6U9B,People serving less than one year sentences; not DV or other sexual assault Mis-D
New York,Onondaga,County-wide,Governor/Courts,NA,343,27,Mix,Yes - See columns J-O,x,x,NA,NA,x,NA,NA,NA,https://www.syracuse.com/coronavirus/2020/04/syracuse-jail-half-empty-285-open-beds-after-bail-reform-coronavirus.html,perma.cc/VTQ7-YRJH,"18 technical PV, some individual petitions for minor crimes or medically vulnerable, reduced arrests"
New York,Westchester County,NA,NA,NA,643,65,Releases only,Yes - See columns J-O,NA,NA,NA,x,NA,NA,NA,NA,https://dailyvoice.com/new-york/lewisboro/news/covid-19-65-prisoners-released-from-westchester-county-jail/786454/,perma.cc/D8XE-WSKN,NA
North Carolina,Centre,Centre County Correctional Facility,NA,397,195,43,Releases only,Yes - See columns J-O,NA,x,NA,NA,x,NA,NA,NA,https://www.centredaily.com/news/local/community/article242030191.html,perma.cc/EXF8-MA6C,"More inmates may be released (4/16) as the county continues to work on its “vulnerability list."""
North Dakota,Cass,Fargo's Cass County Jail,NA,NA,276,89,NA,No,NA,NA,x,NA,NA,NA,NA,NA,https://www.inforum.com/news/crime-and-courts/6503997-As-North-Dakota-slashes-its-prison-population-amid-pandemic-other-states-lag-behind,https://perma.cc/Q3TH-L5E8,some bails reset so people could be released
North Dakota,Grand Forks,Grand Forks CF,Court,180,201,17,Releases only,Yes - See columns J-O,NA,NA,x,NA,NA,NA,NA,No,https://www.grandforksherald.com/news/crime-and-courts/5009500-Qualifying-non-violent-inmates-released-on-bond-as-Grand-Forks-jail-attempts-to-reduce-population,https://perma.cc/9SY6-FJME,New bond schedule set by court allowed 17 people charged with non-violent
North Dakota,Richland,Richland County Jail,"Court, prosecutor",234,223,47,Mix,Yes - See columns J-O,NA,x,NA,NA,NA,NA,NA,NA,https://www.mansfieldnewsjournal.com/story/news/2020/03/25/richland-county-jail-releasing-some-inmates-response-covid-19/2906356001/,https://perma.cc/S4CN-X66N,"Releasing low level, non-violent in consultation with prosecutor and court"
North Dakota,Stutsman,Stutsman County Jail,NA,92,70,35,NA,No,NA,NA,x,NA,NA,NA,NA,NA,"https://www.inforum.com/news/crime-and-courts/6503997-As-North-Dakota-slashes-its-prison-population-amid-pandemic-other-states-lag-behind
https://www.co.stutsman.nd.us/departments/correctional-center/",https://perma.cc/G3EV-GERQ,reported numbers (70 -> 35) are not precise; some bail reset so people could get out.
Ohio,Allen County,Allen County Jail,court,NA,228,65,Releases only,Yes - See columns J-O,NA,X,NA,X,NA,X,NA,NA,https://www.limaohio.com/news/403680/jail-population-trimmed-by-almost-half-in-face-of-virus,perma.cc/KY8G-FQHM,"releases included those in jail for child support violations, low-flight risk"
Ohio,Butler County,Butler County Jail,court,NA,1033,281,Mix,No,NA,NA,NA,NA,NA,NA,NA,NA,https://www.daytondailynews.com/news/crime--law/coronavirus-stopping-spread-prisons-critical-ohio-doing-enough/YQc1ruY3TMOBidjn6aeLWJ/,https://perma.cc/6VMT-NU45,NA
Ohio,"Champaign County
Madison County
Union County",Tri-County jail,court,NA,159,64,Mix,Yes - See columns J-O,NA,NA,NA,NA,NA,X,NA,NA,https://www.springfieldnewssun.com/news/local/coronavirus-clark-county-jail-releasing-some-non-violent-inmates/c5q7SqW30BBlMm6C4IsxqJ/,perma.cc/LH3V-22KP,non-violent releases; unclear whether releases only or mix
Ohio,Clark County,Clark County Jail,court,NA,NA,90,Mix,Yes - See columns J-O,NA,X,NA,NA,NA,X,NA,NA,https://www.springfieldnewssun.com/news/local/coronavirus-clark-county-jail-releasing-some-non-violent-inmates/c5q7SqW30BBlMm6C4IsxqJ/,perma.cc/LH3V-22KP,non-violent releases; unclear whether releases only or mix
Ohio,Columbiana County,Columbiana County Jail,court,200,164,77,Mix,Yes - See columns J-O,NA,NA,NA,X,NA,X,NA,NA,https://www.reviewonline.com/news/local-news/2020/04/county-jail-reports-no-cases-of-coronavirus/,perma.cc/M5JQ-A8AA,non-violent misdemeanors
Ohio,Cuyahoga,County wide,NA,1765,1900,900,Mix,Yes - See columns J-O,NA,x,NA,NA,x,NA,NA,NA,https://www.cleveland.com/court-justice/2020/04/coronavirus-got-900-inmates-out-of-cuyahoga-countys-troubled-jail-when-inmate-deaths-didnt-some-say-the-changes-should-stick.html,perma.cc/CAN5-49EV,NA
Ohio,Delaware County,Delaware County Jail,courts,NA,234,110,Mix,Yes - See columns J-O,NA,X,NA,NA,NA,X,NA,NA,https://abc6onyourside.com/news/local/fighting-crime-while-fighting-coronavirus-delaware-jail-tries-to-keep-coronavirus-out; pre-COVID populatin data from VERA,https://perma.cc/2VC4-SBWY,"Releases: low-level, nonviolent"
Ohio,Erie County,Erie County Jail,courts,NA,127,48,Mix,No,NA,NA,NA,NA,NA,NA,NA,NA,https://sanduskyregister.com/news/177413/jails-releasing-some-inmates-as-a-covid-19-precaution/,https://perma.cc/3A5E-UQA9,NA
Ohio,Franklin,County-wide,"Sheriff, Courts",NA,2032,75,Releases only,Yes - See columns J-O,NA,NA,NA,NA,x,NA,NA,NA,Office of Justice Policy & Programs - michael.daniels@franklincountyohio.gov,NA,"Released about 75 people over 60 and/or with medical vulnerabilities.  Worked with DA, defenders, court"
Ohio,Franklin,County-wide,"Sheriff, Courts",2330,NA,609,Mix,Yes - See columns J-O,x,x,x,x,x,x,NA,No,Office of Justice Policy & Programs - michael.daniels@franklincountyohio.gov,NA,"Arrest diversion, cite and release, age 60+, not yet done medically fragile (Described: https://commissioners.franklincountyohio.gov/stepping-up/population-reductions-by-covid-19)"
Ohio,Greene county,Greene County Jail,NA,NA,NA,160,Mix,No,NA,NA,NA,NA,NA,NA,NA,NA,https://www.daytondailynews.com/news/crime--law/coronavirus-stopping-spread-prisons-critical-ohio-doing-enough/YQc1ruY3TMOBidjn6aeLWJ/,https://perma.cc/6TBP-DWJE,"unclear whether it's releases only or a mix of tactics; article says population originally was 300, doesn't give specific date"
Ohio,Hamilton,County-wide,"Sheriff, courts",NA,1600,750,Releases only,Yes - See columns J-O,NA,x,x,NA,NA,NA,NA,NA,https://www.cincinnati.com/story/news/2020/03/27/hamilton-countys-jail-has-750-fewer-inmates-than-did-last-week/2931202001/,perma.cc/ZNR6-HJZH,NA
Ohio,Highland County,Highland County Justice Center,court,NA,NA,48,Mix,Yes - See columns J-O,NA,X,NA,NA,NA,NA,NA,NA,https://highlandcountypress.com/Content/In-The-News/In-The-News/Article/Justice-Center-inmate-population-adjusted-due-to-COVID-19/2/20/56431,perma.cc/6P7P-FA3U,normal jail population is 80-85; unclear whether it's releases only or mix
Ohio,Huron County,Huron County Jail,court,NA,NA,7,Releases only,yes,NA,NA,NA,NA,NA,X,NA,NA,https://sanduskyregister.com/news/177413/jails-releasing-some-inmates-as-a-covid-19-precaution/,https://perma.cc/B8FR-TAU2,nonviolent offenders
Ohio,Jefferson County,Jefferson County Jail,NA,NA,135,43,Mix,No,NA,NA,NA,NA,NA,NA,NA,NA,https://www.timesleaderonline.com/news/local-news/2020/04/corrections-sheriffs-departments-taking-extra-measures/,perma.cc/BR5Z-54P8,NA
Ohio,Licking County,Licking County Jail,court,NA,NA,81,Mix,Yes - See columns J-O,X,NA,NA,X,NA,NA,NA,NA,https://www.newarkadvocate.com/story/news/2020/03/27/coronavirus-licking-county-jail-population-reduced-26/2925089001/,NA,population reduction is 300 average people daily minus 219 current population in article
Ohio,Montgomery,NA,NA,NA,800,300,Mix,Yes - See columns J-O,NA,x,NA,NA,NA,NA,NA,NA,https://www.daytondailynews.com/news/crime--law/coronavirus-more-than-300-inmates-released-from-montgomery-county-jail/3l9U2siBpdY5NYPjCeyckO/,https://perma.cc/V8BX-43UE,NA
Ohio,Ottawa County,Ottawa County Detention Facility,court,NA,59,6,Releases only,No,NA,NA,NA,NA,NA,NA,NA,NA,"https://sanduskyregister.com/news/177413/jails-releasing-some-inmates-as-a-covid-19-precaution/
Capacity info: https://ottawacountysheriff.info/corrections/","https://perma.cc/4AQU-3JCD ,https://perma.cc/W3US-72MZ",41 bed facility
Ohio,Ottawa County,Ottawa County Jail,court,NA,NA,12,Releases only,No,NA,NA,NA,NA,NA,NA,NA,NA,"https://sanduskyregister.com/news/177413/jails-releasing-some-inmates-as-a-covid-19-precaution/
Capacity info: https://ottawacountysheriff.info/corrections/","https://perma.cc/TG74-AGBN , https://perma.cc/7A5H-LVH3",48 bed dormitory facility
Ohio,Portage County,Portage County Jail,court,NA,275,166,Mix,No,NA,NA,NA,NA,NA,NA,NA,NA,https://www.record-courier.com/news/20200424/portage-county-jail-braces-for-possible-outbreak,perma.cc/7HDR-LWEF,248 beds; releases from personal recognizance bonds and using GPS ankle bracelets on a case-by-case basis
Ohio,Richland County,Richland County Jail,NA,234,223,47,Mix,Yes - See columns J-O,NA,X,NA,NA,NA,NA,NA,NA,https://www.mansfieldnewsjournal.com/story/news/2020/03/25/richland-county-jail-releasing-some-inmates-response-covid-19/2906356001/,perma.cc/UQ85-9WCA,"low level non-violent releases, unclear whether just releases or mix"
Ohio,Ross County,Ross County Jail,court,102,NA,75,Mix,No,NA,NA,NA,NA,NA,NA,NA,NA,https://www.chillicothegazette.com/story/news/2020/03/23/coronavirus-ross-county-jail-releases-non-violent-offenders-ohio-pandemic-covid-19/2897872001/,perma.cc/F6WT-GJY6,"numbers are estimates: article says jail is ""built for"" 102 prisoners, average jail population is 180 and current population is 105 (180-105=75)"
Ohio,Sandusky County,Sandusky County Jail,NA,NA,NA,29,Releases only,Yes - See columns J-O,NA,NA,NA,X,NA,X,NA,NA,"https://sanduskyregister.com/news/177413/jails-releasing-some-inmates-as-a-covid-19-precaution/
Capacity info: https://www.drc.ohio.gov/Portals/0/sandusky%20county%202018.pdf","https://perma.cc/H5H4-6QS8 , https://perma.cc/J6QC-42JC","some were non-violent offenders; 2018 jail inspection says general housing capacity is 88, VERA reports jail population of 40"
Ohio,Wood County,Wood county jail,court,NA,156,61,Mix,Yes - See columns J-O,NA,X,NA,NA,NA,NA,NA,NA,https://www.wtol.com/article/news/crime/wood-county-jail-population-at-15-year-low-sheriff-says/512-2364ad95-c91b-4e8b-8a8a-3c22d2f086bf,https://perma.cc/D7WQ-BNXQ,NA
Oklahoma,state-wide,State-wide,Governor,NA,NA,404,Releases only,Yes - See columns J-O,NA,x,NA,NA,NA,NA,NA,NA,https://oklahoman.com/article/5659929/coronavirus-in-oklahoma-stitt-signs-over-450-commutations-reduces-prison-overcrowding-during-covid-19-pandemic,https://perma.cc/LXM3-58SX,NA
Oregon,Marion,County-wide,NA,NA,415,300,NA,No,NA,NA,NA,NA,NA,NA,NA,NA,https://www.statesmanjournal.com/story/news/crime/2020/05/03/marion-polk-county-jail-inmate-release-oregon-coronavirus-update/3049563001/,https://perma.cc/4PB3-GZ6J,All reduction achieved by fewer admissions according to the sherrif
Oregon,Multnomah,County-wide,"Sheriff, courts",1192,1097,358,Mix,Yes - See columns J-O,NA,x,x,x,x,NA,NA,NA,https://www.oregonlive.com/coronavirus/2020/04/multnomah-countys-adult-jail-population-has-dropped-about-30-percent-due-to-fewer-arrests-early-releases.html?utm_source=The+Marshall+Project+Newsletter&utm_campaign=ad4946456e-EMAIL_CAMPAIGN_2020_04_16_11_51&utm_medium=email&utm_term=0_5e02cdad9d-ad4946456e-166145513,https://perma.cc/2HPR-ZPBR,Went from 92% of capacity in early March to 62% at time of article.  See article for me details
Oregon,Polk,County-wide,NA,NA,120,24,Mix,Yes - See columns J-O,NA,x,NA,NA,x,NA,NA,NA,https://www.statesmanjournal.com/story/news/crime/2020/05/03/marion-polk-county-jail-inmate-release-oregon-coronavirus-update/3049563001/,https://perma.cc/4PB3-GZ6J,released medically fragile and people with less severe charges; also fewer admissions; sending to State prison
Oregon,Washington,County-wide,NA,NA,573,300,Mix,Yes - See columns J-O,NA,x,NA,NA,NA,NA,NA,No,https://kcby.com/news/local/washington-co-jail-releases-inmates-to-meet-social-distancing-guidelines,https://perma.cc/2HPR-ZPBR,"""About half"" the original 573 population.  Releasing low level, non-Violent offenders; admitting fewer"
Pennsylvania,Allegheny County,Alleghendy County Jail,district court administrator,2400,2488,1345,Releases only,No,NA,NA,NA,NA,X,NA,NA,NA,https://www.wtae.com/article/inmates-released-from-allegheny-county-jail-due-to-coronavirus-concerns/31953103#,https://perma.cc/PF3E-T7AW,"""Last month, Pittsburgh's Action News 4 reported that close to 100 inmates a day were being processed for release. Those under consideration for release were non-violent offenders and elderly inmates with medical conditions."""
Pennsylvania,Allegheny,county-wide,Courts,2500,NA,622,Releases only,Yes - See columns J-O,NA,x,NA,NA,x,NA,NA,NA,https://www.wtae.com/article/inmates-released-from-allegheny-county-jail-due-to-coronavirus-concerns/31953103#,https://perma.cc/U89N-Y3MB,Non-violent and elderly with medical issues
Pennsylvania,Blair County,Blair County Jail,public county defender,350,384,249,Releases only,No,NA,NA,NA,NA,NA,NA,NA,NA,"https://docs.google.com/document/d/e/2PACX-1vTbYtQll7ylXtj0qL766cYKQ4IzuOfKKBDuPDkmMogZrEk9AYHWngpo5PjcMQSwKyKlz9Qk1KxHLC3I/pub; Capacity: https://www.altoonamirror.com/news/local-news/2020/03/locked-up-blair-county-beginning-discussions-on-future-of-prison/#:~:text=It%20houses%20about%20350%20inmates,to%20and%20from%20court%20proceedings.",https://perma.cc/F9A6-SCUA,*no specific information about the details of the releases
Pennsylvania,Bucks,county-wide,NA,NA,909,250,Releases only,Yes - See columns J-O,NA,x,NA,x,x,NA,NA,NA,https://patch.com/pennsylvania/doylestown/250-prisoners-released-bucks-co-jails-due-coronavirus,https://perma.cc/6TEN-VRM9,NA
Pennsylvania,Bucks County,Bucks County Jail,District attorney,376,952,734,Mix,Yes - See columns J-O,X,X,NA,X,NA,NA,NA,NA,https://docs.google.com/document/d/e/2PACX-1vQCfb1dvTlIttSsHP9YUeRAbPeYm-fpOYkEMAMzu1BNlE529kYpjASTdUaNSR6KyUjxlVb5CCWEzap9/pub; Capacity: https://www.mcall.com/news/mc-xpm-2002-12-14-3428194-story.html; Additional Link: https://patch.com/pennsylvania/doylestown/250-prisoners-released-bucks-co-jails-due-coronavirus,https://perma.cc/PSR5-5FN8; https://perma.cc/VRZ5-TC7R ; https://perma.cc/RD6C-D3DK,"1. Bucks County PA has released nearly 30% of its prison population in the past month (Article released April 15th)
2. County Spokesman Larry King said the county's prison population was down to 534 at the Bucks County Correctional Facility, and 125 at the Community Corrections Centers, for a total of 659.
 a. On March 11, there were a total of 909 prisoners, including 711 at the Bucks County Correctional Facility and   198 at the Community Corrections Centers
3. The District Attorney's Office received a list of 22 inmates in the state prison system whose cases originated in Bucks County and are being considered for release.
DA: “We have raised objections to the release of the vast majority, agreeing preliminarily to the release of four of those prisoners. Each of these four were within 90 days of their minimum sentences, and had not committed crimes of violence or against any victim.""
"
Pennsylvania,Clearfield County,Clearfield County Jail,county court system,139,179,103,Releases only,No,NA,NA,NA,NA,NA,NA,NA,NA,https://docs.google.com/document/d/e/2PACX-1vRSfPBl7VrNx5YIZgzxWCATvgBVJHWlE3yenkLLrUtdYfJPwMe5lSsumc4zqbFXx-lk-7ZVgj8eN821/pub; Capacity: https://www.jailexchange.com/city-and-county-jails/pennsylvania/clearfield-county/clearfield-county-prison; More information: http://www.theprogressnews.com/news/local/county-jail-inmate-population-drops-due-to-coronavirus-risk/article_8be31c48-d420-5482-9b9c-c2aea1635b84.html,https://perma.cc/S8GC-82KS ; https://perma.cc/7DB6-8257 ; https://perma.cc/DGF8-BG5A,NA
Pennsylvania,Columbia County,Columbia County Jail,court system,250,199,118,Releases only,No,NA,NA,NA,NA,NA,NA,NA,NA,https://docs.google.com/document/d/e/2PACX-1vThXFQ4cnR2EMAqW6z3RYOKFuTcRHJ4o7lVPi69HsVJdhrbn4As1ghL99ik3EH_uMkTi7kI-kHDnEFx/pub; Capacity: https://www.northcentralpa.com/life/covid-19_updates/coronavirus-changes-to-inmate-visitation-transfers-at-northcentral-pa-county-jails/article_49c1282e-6877-11ea-b93c-1fd5d269eb4f.html; Additional Link: https://www.northcentralpa.com/life/covid-19_updates/coronavirus-changes-to-inmate-visitation-transfers-at-northcentral-pa-county-jails/article_49c1282e-6877-11ea-b93c-1fd5d269eb4f.html,https://perma.cc/94RQ-KH3U; https://perma.cc/K6AK-497N ; https://perma.cc/T76C-YP8J,NA
Pennsylvania,Franklin County,Franklin County Jail,county court system,334,434,329,Releases only,No,NA,NA,NA,NA,NA,NA,NA,NA,https://docs.google.com/document/d/e/2PACX-1vTA89dNtE1UtLSvI8vW-T5fw2Q87A_vK__KMsxkVMat0gb8ylKEpqeuVSPPGG4zx-B8TAd-M650G4qp/pub; Capacity: https://www.co.franklin.wa.us/sheriff/corrections.php,https://perma.cc/QRT5-C2JF; https://perma.cc/9ZCH-555V,NA
Pennsylvania,Greene County,Greene County Jail,court/judge,522,59,34,Releases only,No,NA,NA,NA,NA,NA,X,NA,NA,"https://docs.google.com/document/d/e/2PACX-1vQz2rYJ2f5DogYZHO6Bz1U2Odwfadp5ETij1oZfk8Anu0wct-rN6saG0eF5hDuXaai2UVfWUS6LHj_4/pub; Capacity: https://greenecountymo.gov/files/PDF/file.pdf?id=1967#:~:text=According%20to%20building%20code%20requirements,are%20placed%20on%20the%20floor.",https://perma.cc/6FGP-8TTV,No details
Pennsylvania,Lehigh County,Lehigh County Jail,court system,1352,734,586,Releases only,No,NA,NA,NA,NA,NA,NA,NA,NA,https://docs.google.com/document/d/e/2PACX-1vTVWm5mcpWHZX0amRN2wl6awxo_MVC-uDX__pDYn4N93Rlb3-60oSa-VNfAuTuEcSFVuSrqyT_TxCXs/pub; Capacity: https://www.lehighcounty.org/Departments/Corrections/Lehigh-County-Jail,https://perma.cc/X96J-D6NA; https://perma.cc/VC7E-UXYS,Additional Link: https://www.mcall.com/coronavirus/mc-nws-coronavirus-northampton-county-jail-staff-update-20200409-fshqu6fkpjhrnfbgh275kxcedu-story.html
Pennsylvania,Montgomery County,Montgomery County Correctional Facility,court,NA,274,201,Releases only,No,NA,NA,NA,NA,NA,NA,NA,NA,https://docs.google.com/document/d/e/2PACX-1vQheNetDehQFsmUh3MJipJRZhjXUW2F1e7A85lxceSLgECySMfKFGU0Ge4-9ErbMY_V6basQN8eJoVC/pub,https://perma.cc/LBD2-W2WA,NA
Pennsylvania,Montour County,Montour County Jail,courts and law enforcement,46,27,10,Releases only,No,NA,NA,NA,NA,NA,NA,NA,NA,https://docs.google.com/document/d/e/2PACX-1vTjXDJOq-DpEuFezNAXd2jp5YmVNeS7qDdeSTdTiIDX-psH23plsH1HJIoYiLb7zW29NxNGiMYKxiZ2/pub; Capacity: https://www.dailyitem.com/coronavirus/valley-jails-holding-fewer-prisoners-implementing-safety-measures/article_aa7300f6-78bd-11ea-afab-9f40f4f87a48.html,https://perma.cc/2DPH-GRKA,"""The number of prisoners at the 46-bed Montour County Jail has been reduced to 11, said prison board chairman and Montour County Commissioner Trevor Finn."
Pennsylvania,Northumberland,Northumberland County Jail,NA,NA,277,88,Releases only,Yes - See columns J-O,NA,x,NA,NA,NA,NA,NA,NA,https://www.dailyitem.com/news/local_news/jail-population-reduced-to-cut-exposure-to-covid-19/article_bb7af4ef-5868-5765-ad9c-a4b119291241.html,https://perma.cc/2LCK-P47T,NA
Pennsylvania,Philadelphia,county-wide,NA,NA,NA,280,Mix,No,NA,NA,NA,NA,NA,NA,NA,NA,https://www.inquirer.com/jobs/labor/coronavirus-philadelphia-prisons-reduce-jail-population-unions-20200422.html?fbclid=IwAR1RAxDOvINtbPraJZYtUm-849k8EKdE_vcInz4g7h09qvPAqrGY5FADWFg,perma.cc/526N-9WD5,Additional population reduction since the 4/15 report above.
Pennsylvania,Philadelphia,county-wide,NA,NA,4780,531,Mix,No,--,--,--,--,--,--,NA,NA,https://www.nbcphiladelphia.com/investigators/prisoners-being-released-from-city-state-prisons-are-not-being-tested-for-covid-19/2365885/,https://perma.cc/77GY-GAG8,Population on 2/29/2020  was 4780 --from Vera's database (as reported by locality); Article says now 4020
Pennsylvania,Snyder County,Snyder County Jail,court system,154,112,75,Releases only,No,NA,NA,NA,NA,NA,NA,NA,NA,https://docs.google.com/document/d/e/2PACX-1vTiGuUC5WTQAYiDF4zdhOUEzGkOh042YNro73q_l3jbI-xwiNyWkGU7zZJc1obQchLGufGmPxJkqroF/pub; Capacity: https://prisonroster.com/prisons/pennsylvania/county-jail/snyder-county-prison/,perma.cc/9K6B-3844; perma.cc/BC3W-2HKG,NA
Pennsylvania,Somerset County,Somerset County Jail,public county defender,1600,136,101,Releases only,No,NA,NA,NA,NA,NA,NA,NA,NA,https://docs.google.com/document/d/e/2PACX-1vSkUPJXgVc9D9OkuRvDf3h60Rnz6dxDsVXrFPDw0S8h2-7dz14PFWqDwutj2VwKdF4Wh8ofqOiD9lWk/pub; Capacity: https://en.wikipedia.org/wiki/State_Correctional_Institution_%E2%80%93_Somerset,perma.cc/VV63-QUKV; perma.cc/L7VG-SLBQ,*no specific information about the details of the releases
Pennsylvania,Susquehanna County,Susquehanna County Jail,court/judge,100,52,39,Releases only,No,NA,NA,NA,NA,NA,NA,NA,NA,https://docs.google.com/document/d/e/2PACX-1vT571B5qhjf9M5o3vbD2S2yk3SVUTuL7NrkCj27V8Bxo8IGMDlj1aL8jpcUNCPvyWLpPQdiiFBxbOgc/pub,perma.cc/Z2FT-LG9N,*no specfic  information about the details of the releases
Pennsylvania,Tioga County,Tioga County Jail,court system,142,82,45,Releases only,No,NA,NA,NA,NA,NA,NA,NA,NA,https://docs.google.com/document/d/e/2PACX-1vSNe2PqCG4qikynoTC2vAgWx6UWBV9e6BL-1q3yu4-kn5wfLfLp-EA8g63-5m11jik7pqciQ9xRbd_H/pub; Capacity: https://prodeathpenalty.com/pennsylvania/county-jail/tioga-county-prison#:~:text=Tioga%20County%20Prison%20%E2%80%94%20General%20Information&text=Adult%2C%20Capacity%20142%20persons.,perma.cc/G3T4-9MR2,NA
Pennsylvania,Union County,Union County Jail,court system,37,37,17,Releases only,No,NA,NA,NA,NA,NA,NA,NA,NA,https://docs.google.com/document/d/e/2PACX-1vQYE0lyiQ_mAD5Yu2kTFxYoqVjAvC7exc69KuoSgvWMtMzckcNqZdJEotjNYwSlVzPQNpCZYmEZ9qK0/pub; Capacity: https://www.dailyitem.com/coronavirus/valley-jails-holding-fewer-prisoners-implementing-safety-measures/article_aa7300f6-78bd-11ea-afab-9f40f4f87a48.html,perma.cc/9R9T-NNC6; perma.cc/RVC3-24RF,NA
Pennsylvania,Venango County,Venango County Jail,court/judge,NA,176,41,Releases only,No,NA,NA,NA,NA,NA,NA,NA,NA,https://docs.google.com/document/d/e/2PACX-1vTe9BU7R0YdMy8oDm6HyxDyPI1pqoFfB9sHoHdfUBSAdmc9K1GdIDjVG5WSdBtwOW-FVXEU0MDUzUay/pub,perma.cc/4MPE-ERJ7,*no specific information about the details of the releases
South Carolina,Anderson,County DC,NA,NA,387,42,Releases only,Yes - See columns J-O,NA,x,x,NA,x,NA,NA,NA,https://www.greenvilleonline.com/story/news/local/2020/03/19/coronavirus-anderson-county-detention-center-inmates-released-sc-jail-amid-covid-19-fears/2877575001/,perma.cc/M8H9-NZAU,Some were over 50 or had pre-existing condition; all charged with non-Violent and victimless crimes
South Carolina,Greenville,County DC,Courts,NA,1270,85,Releases only,Yes - See columns J-O,NA,x,NA,NA,NA,NA,NA,NA,https://www.greenvilleonline.com/story/news/local/south-carolina/2020/03/20/dozens-released-greenville-south-carolina-jail-due-covid-19-fears/2883854001/,perma.cc/M8H9-NZAU,NA
Tennessee,Anderson,County-wide,NA,NA,415,135,Mix,No,NA,NA,NA,NA,NA,NA,NA,NA,https://www.oakridger.com/news/20200427/jail-fewer-inmates-no-virus-detected,perma.cc/RM7U-Y49V,NA
Tennessee,Sumner,County-wide,Courts,832,787,231,Mix,Yes - See columns J-O,NA,NA,NA,x,x,NA,NA,NA,https://tennesseelookout.com/2020/06/10/covid-fears-reduce-jail-populations/,https://perma.cc/826R-62VG,Those nearing end of sentence and vulnerable population = those with severe health issues.
Tennessee,Williamson,Williamson County Jail,NA,NA,NA,136,Releases only,Yes - See columns J-O,NA,x,NA,x,NA,NA,NA,NA,https://www.williamsonhomepage.com/news/coronavirus/williamson-county-jail-releases-136-inmates-due-to-covid-19-risks-one-wcso-employee-positive/article_adbefd6c-7a86-11ea-9be2-0715c5711c81.html,https://perma.cc/F5K8-PGYV,"Non-violent offenders charged with misdemeanors, some released if end of sentence. others monitored."
Texas,Brazos,County-wide,NA,NA,632,33,Releases only,Yes - See columns J-O,NA,x,NA,NA,NA,NA,NA,NA,https://www.kxxv.com/brazos/brazos-county-jail-releasing-low-risk-inmates-due-to-covid-19,https://perma.cc/TFD6-HUUB,People deemed non-violent at low risk of offending by DA
Texas,Cameron,County-wide,Courts,1746,1092,73,Mix,Yes - See columns J-O,NA,NA,NA,NA,NA,x,NA,NA,https://www.covid19intexasjails.com/jail-population-reductions,https://perma.cc/5DBY-3M6L,Non-violent offenders being reviewed individually according to Appleseed report
Texas,Dallas,County-wide,Courts,8746,5879,1000,Mix,No,--,--,--,--,--,--,NA,NA,https://www.fox4news.com/news/42-inmates-14-officers-test-positive-for-covid-19-at-dallas-county-jail,perma.cc/JBR9-T4G9,the releases were each done individually by courts and were non-Violent offenses
Texas,Galveston,County-wide,courts,1187,859,209,Mix,Yes - See columns J-O,NA,x,NA,NA,NA,NA,NA,NA,https://www.covid19intexasjails.com/jail-population-reductions,https://perma.cc/5DBY-3M6L,"Texas Appleseed reports change. Releasing ""carefully reviewed"" low level and non violent offenders released on personal bond."
Texas,Harris,County-wide,NA,10566,9050,1488,Mix,No,NA,NA,x,NA,NA,NA,NA,NA,https://www.covid19intexasjails.com/jail-population-reductions,https://perma.cc/5DBY-3M6L,Texas Appleseed report change 3/1 to 5/1/20
Texas,Hildalgo,County-wide,Courts,1232,1047,384,Releases only,Yes - See columns J-O,NA,NA,x,NA,NA,x,NA,NA,https://www.covid19intexasjails.com/jail-population-reductions,https://perma.cc/5DBY-3M6L,"Texas Appleseed report releases on reduced bonds, personal recog bonds, and on court-ordered release."
Texas,Jefferson,County-wide,NA,1220,831,280,Mix,Yes - See columns J-O,NA,NA,x,NA,NA,x,NA,NA,https://www.covid19intexasjails.com/jail-population-reductions,https://perma.cc/5DBY-3M6L,Texas Appleseed reports change. Reducing bonds for non violent offenders released on personal bond.
Texas,McLennan,County-wide,NA,1678,1229,207,Mix,Yes - See columns J-O,NA,x,x,NA,NA,NA,NA,NA,https://www.covid19intexasjails.com/jail-population-reductions,https://perma.cc/5DBY-3M6L,Texas Appleseed reports increased releases on personal bond for non-violent misdemeanor pre trial
Texas,Montgomery,County-wide,Courts,1253,955,343,Mix,Yes - See columns J-O,NA,NA,NA,NA,x,NA,NA,NA,https://www.covid19intexasjails.com/jail-population-reductions  News source:  https://www.12newsnow.com/article/news/local/jefferson-county-jail-cancels-visitation-releases-some-inmates-amid-coronavirus-concerns/502-f7e9e268-e131-46af-a478-95553f309bf8,https://perma.cc/5DBY-3M6L,"Texas Appleseed report -- lowering bonds for release of inmates with health concerns, among others"
Texas,Nueces,County-wide,Courts/district attorney,1068,933,147,Mix,Yes - See columns J-O,NA,NA,x,NA,NA,NA,NA,NA,https://www.covid19intexasjails.com/jail-population-reductions,https://perma.cc/5DBY-3M6L,Texas Appleseed report - lowering bonds or issuing personal bonds for certain felonies
Texas,Smith,County-wide,NA,1149,933,178,Mix,Yes - See columns J-O,NA,x,x,NA,NA,x,NA,NA,"https://tylerpaper.com/news/local/non-violent-inmates-released-from-smith-county-jail-to-prevent/article_4c109aaa-6d55-11ea-b034-734fb42bc592.html 
population data: https://www.covid19intexasjails.com/jail-population-reductions",https://perma.cc/U8PT-JQP5,People  charged with Non-violent misdemeanors awaiting trial being released on personal bond.  Appleseed report 3/1 to 5/1 data
Texas,Travis,County-wide,courts,3095,2164,97,Mix,Yes - See columns J-O,NA,x,NA,NA,x,x,NA,NA,https://www.statesman.com/news/20200316/travis-county-judges-releasing-inmates-to-limit-coronavirus-spread?fbclid=IwAR3VKawwn3bwSLSO9jXBxXNRuaWd1DRLsCBFc-ZkPN1INWW8xnzLPvZYNO4,perma.cc/LX5B-7RMK,A few medically frail; bonding non-violent and low level
Virginia,Albemarle,Albemarle-Charlottesvile Regional Jail,Commonwealth Attorney,NA,430,122,Releases only,Yes - See columns J-O,NA,NA,NA,x,NA,x,NA,NA,https://www.c-ville.com/get-out-of-jail-virus-free-coronavirus-crisis-sees-local-justice-system-adopt-progressive-reforms-for-now/,perma.cc/UF2P-4UZX,"61 inmates non-violent with short time of their sentences have been released to home monitoring, with ankle monitors, and the rest of the 122 are pretrial; some medically vulnerable, all with homes to go to. detainees"
Virginia,"Amelia, Buckingham, Cumberland, Lunenburg, Nottoway, Prince Edward",Piedmont Regional Jail,NA,245,NA,27,Releases only,Yes - See columns J-O,NA,NA,NA,NA,NA,x,NA,NA,https://www.dailyprogress.com/news/state/10-inmates-at-piedmont-regional-jail-infected-with-covid-19-4-other-regional-jails-are/article_fc0fc1e0-ddb7-5421-9931-8da3c73e478b.html,perma.cc/K7KE-LS54,furlough of work-release and weekend inmates
Virginia,Arlington,Arlington County Detention Facility,court,NA,NA,6,Releases only,No,NA,NA,NA,NA,NA,NA,NA,Yes,https://www.arlnow.com/2020/05/07/some-arlington-inmates-freed-amid-continued-coronavirus-fears/,perma.cc/PUV2-FVDV,"25-30% reduction in prison population “over the past few months,"" due to police, etc. average inmate population of 500"
Virginia,Arlington,County-wide,NA,NA,307,81,Mix,No,NA,NA,NA,NA,NA,NA,NA,NA,https://www.arlnow.com/2020/05/07/some-arlington-inmates-freed-amid-continued-coronavirus-fears/,perma.cc/PUV2-FVDV,"Article describes many strategies and impressive cooperation with public defender, prosecutor, and sheriff.  Data from Vera."
Virginia,Augusta,Middle River Regional,NA,NA,900,100,Releases only,Yes - See columns J-O,NA,NA,NA,NA,x,NA,NA,NA,https://www.newsleader.com/story/news/local/2020/03/27/middle-river-regional-jail-has-shed-nearly-100-inmates-combat-virus/2919154001/,perma.cc/U3Z9-97ZH,"While the reduction in the jail's inmate population will continue, Newton said he doesn't think it will surpass the maximum target of 125. Goal seems to be to keep prisoner population < 800."
Virginia,Frederick,Northwestern Regional Adult Detention Center,court / judge,540,NA,60,Releases only,Yes - See columns J-O,NA,NA,NA,x,NA,x,NA,NA,"https://www.winchesterstar.com/coronavirus/inmates-released-early-to-prevent-covid--outbreak/article_17d8bd32-a255-5e3b-bab6-5701131a2b20.html
capacity info: https://www.nradc.com/about-us/history-of-the-jail",perma.cc/G6EW-GLRG,The jails average population from 2015-2019 is 635; other: 25 part of work release program/ most nonviolent
Virginia,Halifax,Blue Ridge Reg. Jail (BRRJ) - Halifax,court,200,184,34,Mix,Yes - See columns J-O,NA,NA,x,x,NA,NA,NA,Yes,"http://www.yourgv.com/coronavirus/population-dwindles-at-halifax-county-jail-during-covid-19-pandemic/article_475bd84a-87f8-11ea-9b90-c7506f8778a0.html
Capacity: https://www.brrja.state.va.us/halifax-county-adult-detention-center/",perma.cc/6CEC-TGN6,allowing new bond hearings to reduce bond for release; non violent misdemeanors at end of sentence
Virginia,Hanover,Pamunkey Regional Jail,NA,519,NA,6,Releases only,Yes - See columns J-O,NA,NA,NA,x,NA,NA,NA,NA,"https://www.wric.com/news/virginia-news/area-jails-releasing-inmates-to-prevent-covid-19-outbreak-behind-bars/
capacity info: https://www.hanovercounty.gov/ArchiveCenter/ViewFile/Item/239",perma.cc/BED5-W7QX,NA
Virginia,Prince William,Prince William Manassas Regional Adult Detention Center,commonwealth attorney,667,752,150,Mix,Yes - See columns J-O,NA,NA,x,NA,x,x,NA,NA,https://www.princewilliamtimes.com/news/commonwealth-s-attorney-says-she-s-trying-to-keep-the-elderly-medically-at-risk-out/article_5f24e236-7f52-11ea-970d-6bd48a320093.html,perma.cc/2NXC-A3WR,"focusing on elderly, medically at-risk, and non-violent, allowing new bond hearings for many to have bond reduced.  Some ankle monitoring"
Virginia,Roanoke,Roanoke City Jail,NA,NA,NA,56,Releases only,Yes - See columns J-O,NA,x,x,x,NA,x,NA,NA,https://www.roanoke.com/news/crime/some-area-inmates-get-early-release-as-jails-respond-to/article_51f31890-ade7-59da-830f-7b60bfe7ac1d.html,perma.cc/5NNE-5KLS,"population generally hovers between 500-550 inmates; other: primarily nonviolent, low-risk offenders, or short-timers who already had an imminent date to be set free"
Virginia,"Augusta
Waynesboro
Staunton
Harrisonburg
Rockingham",Middle River Regional Jail,NA,396,900,190,Mix,Yes - See columns J-O,NA,NA,x,NA,NA,X,NA,NA,https://www.nbc29.com/2020/05/05/local-jails-reduce-number-inmates-preparation-possible-covid-cases/,perma.cc/SEL2-4EDE,"""releases result of bond changes, furloughs, sentence modifications, moving to house arrest""; capacity information is ""originally built to hold 396 people"""
Virginia,Bristol City,Bristol City Jail,NA,67,173,100,Mix,Yes - See columns J-O,NA,NA,X,X,NA,NA,NA,NA,https://www.virginiamercury.com/2020/04/30/as-covid-19-spreads-most-virginia-jails-remain-overcrowded/,perma.cc/K3F3-E9B3,NA
Virginia,Culpeper,Culpeper County Jail,NA,NA,85,40,Mix,No,NA,NA,NA,NA,NA,NA,NA,NA,https://www.starexponent.com/news/culpeper-jail-population-reduced-by-more-than-half-amid-coronavirus/article_a7031cce-95e2-55fe-ae91-120dfffbdbc7.html,perma.cc/7AFB-9X2A,NA
Virginia,Danville,Danville City Jail / Danville Adult Detention Center,NA,NA,NA,22,Releases only,Yes - See columns J-O,NA,NA,NA,X,NA,X,NA,NA,https://www.godanriver.com/news/local/dozens-of-inmates-released-from-city-county-jails-in-recent-weeks/article_4c1c2a8a-8373-51a5-a32d-faef72b7e121.html,perma.cc/6NA3-LYEK,mix of sentences being suspended and furloughs (have to finish time later)
Virginia,"Rockingham County
Harrisonburg",R/H Regional Jail,NA,315,NA,60,Releases only,Yes - See columns J-O,NA,NA,NA,NA,NA,x,NA,NA,"https://www.nbc29.com/2020/05/05/local-jails-reduce-number-inmates-preparation-possible-covid-cases/
Capacity: https://www.dnronline.com/news/coronavirus/mrrj-begins-releasing-inmates/article_249f9d32-469b-5d2c-a40c-6241a59d8a99.html",perma.cc/5KC3-6RDP; perma.cc/9THR-85DY,non-violent
Washington,Clark,Clark County Jail,NA,NA,601,200,Mix,Yes - See columns J-O,NA,x,NA,NA,NA,NA,NA,NA,https://www.columbian.com/news/2020/mar/25/clark-county-jail-releases-nearly-200-inmates-due-to-covid-19/,perma.cc/9YEW-2G27,NA
Washington,Spokane,County-wide,NA,NA,NA,350,Mix,Yes - See columns J-O,NA,NA,NA,NA,NA,NA,NA,NA,https://www.spokesman.com/stories/2020/mar/27/spokane-county-jail-population-plunges-during-pand/,perma.cc/5TMY-FTB3,NA
Washington,Spokane,County-wide,Courts,NA,950,48,Releases only,Yes - See columns J-O,NA,x,NA,NA,NA,NA,NA,NA,https://www.spokesman.com/stories/2020/mar/17/dozens-released-from-spokane-county-custody-follow/,perma.cc/5TMY-FTB3,NA
West Virginia,All,State-wide,NA,NA,NA,616,Mix,Yes - See columns J-O,x,NA,NA,NA,NA,x,NA,NA,https://wchstv.com/news/coronavirus/wva-taking-steps-to-reduce-inmate-population-amid-covid-19-pandemic,perma.cc/D93T-RVXW,70 Technical PV's from jails; 70 work release people furloughed on weekends already.  Details in article
Wisconsin,All,State-wide,Governor,NA,NA,1600,Releases only,Yes - See columns J-O,x,NA,NA,x,NA,NA,NA,NA,https://madison.com/wsj/news/local/wisconsin-doc-has-released-nearly-1-600-inmates-so-far-to-combat-covid-19-spread/article_03537daa-e1ec-5fe8-ac68-f5cf38ce8be5.html,perma.cc/F43Q-4CRQ,"1447 who were held with violations of parole,probation or supervised release; 60 on alternative to revocation; 65 with less than a year left on a non-violent conviction."
Wisconsin,Barron,County-wide,Sheriff,120,NA,18,Releases only,Yes - See columns J-O,NA,x,NA,NA,NA,x,NA,NA,https://www.apg-wi.com/rice_lake_chronotype/free/jail-reacts-to-covid/article_82513b38-693b-11ea-a783-739d66ef7ef5.html,perma.cc/GL3K-B9F9,"Huber releases -- Under state law, 18 people on work release were released and placed on electronic monitors"
Wisconsin,Chippewa,County-wide,Sheriff,NA,100,50,Releases only,Yes - See columns J-O,NA,NA,NA,NA,NA,x,NA,NA,https://madison.com/ct/news/local/inmates-fear-the-invisible-enemy-in-wisconsin-s-overcrowded-prisons/article_b7920ea3-e2a0-5915-b70c-a6bbd9a843ca.htmlhttps://wqow.com/2020/03/18/huber-inmates-released-to-prevent-virus-spread/,perma.cc/F43Q-4CRQ,"Huber releases -- 50 people on work release were released to home, population usually 130 in jail is now down to 42 (older source: https://wqow.com/2020/03/18/huber-inmates-released-to-prevent-virus-spread/)"
Wisconsin,Eau Claire,County-wide,Sheriff,NA,281,143,Mix,Yes - See columns J-O,NA,NA,NA,NA,NA,x,NA,NA,https://www.leadertelegram.com/covid-19/ec-county-jail-temporarily-reduces-inmates-by-half-over-covid-19-concerns/article_9f76d114-9bbc-5981-a3b2-06cdea0a4a5e.html,perma.cc/TA4A-LQ94,"Reduced admission, 30 Huber releases, other releases"
Wisconsin,Kenosha,County-wide,NA,NA,NA,NA,NA,NA,NA,NA,NA,NA,NA,NA,NA,NA,NA,NA,NA
