Date,Measure,Count,Reporting,Missing
2020-03-22,Residents.Confirmed,59,48,"Connecticut, Kentucky, Montana, Nebraska, District of Columbia"
2020-03-29,Residents.Confirmed,475,49,"Kentucky, Montana, Nebraska, District of Columbia"
2020-04-05,Residents.Confirmed,1534,52,District of Columbia
2020-04-12,Residents.Confirmed,3547,52,District of Columbia
2020-04-19,Residents.Confirmed,11787,52,District of Columbia
2020-04-26,Residents.Confirmed,17225,52,District of Columbia
2020-05-03,Residents.Confirmed,21981,51,"Rhode Island, District of Columbia"
2020-05-10,Residents.Confirmed,26819,52,District of Columbia
2020-05-17,Residents.Confirmed,31046,52,District of Columbia
2020-05-24,Residents.Confirmed,38368,52,District of Columbia
2020-05-31,Residents.Confirmed,43156,52,District of Columbia
2020-06-07,Residents.Confirmed,46293,52,District of Columbia
2020-06-14,Residents.Confirmed,49015,52,District of Columbia
2020-06-21,Residents.Confirmed,52543,52,District of Columbia
2020-06-28,Residents.Confirmed,55942,52,District of Columbia
2020-07-05,Residents.Confirmed,61096,52,District of Columbia
2020-07-12,Residents.Confirmed,70291,51,"New York, District of Columbia"
2020-07-19,Residents.Confirmed,77018,52,District of Columbia
2020-07-26,Residents.Confirmed,85032,52,District of Columbia
2020-08-02,Residents.Confirmed,94499,52,District of Columbia
2020-08-09,Residents.Confirmed,103092,51,"Montana, District of Columbia"
2020-08-16,Residents.Confirmed,108668,52,District of Columbia
2020-08-23,Residents.Confirmed,114731,52,District of Columbia
2020-08-30,Residents.Confirmed,122557,52,District of Columbia
2020-09-06,Residents.Confirmed,127786,52,District of Columbia
2020-09-13,Residents.Confirmed,133442,52,District of Columbia
2020-09-20,Residents.Confirmed,140020,52,District of Columbia
2020-09-27,Residents.Confirmed,146362,52,District of Columbia
2020-10-04,Residents.Confirmed,150133,52,Montana
2020-10-11,Residents.Confirmed,154241,53,""
2020-10-18,Residents.Confirmed,162933,53,""
2020-10-25,Residents.Confirmed,171833,53,""
2020-11-01,Residents.Confirmed,179671,53,""
2020-11-08,Residents.Confirmed,195748,53,""
2020-11-15,Residents.Confirmed,207718,53,""
2020-11-22,Residents.Confirmed,221401,53,""
2020-11-29,Residents.Confirmed,239444,53,""
2020-12-06,Residents.Confirmed,261594,53,""
2020-12-13,Residents.Confirmed,293147,53,""
2020-12-20,Residents.Confirmed,311675,53,""
2020-12-27,Residents.Confirmed,328454,53,""
2021-01-03,Residents.Confirmed,346102,53,""
2021-01-10,Residents.Confirmed,358374,53,""
2021-01-17,Residents.Confirmed,369636,53,""
2021-01-24,Residents.Confirmed,378697,53,""
2021-01-31,Residents.Confirmed,384377,53,""
2021-02-07,Residents.Confirmed,390060,53,""
2021-02-14,Residents.Confirmed,392441,53,""
2021-02-21,Residents.Confirmed,395346,53,""
2021-02-28,Residents.Confirmed,398213,53,""
2021-03-07,Residents.Confirmed,398739,53,""
2021-03-14,Residents.Confirmed,400348,53,""
2021-03-21,Residents.Confirmed,402700,53,""
2021-03-28,Residents.Confirmed,402509,53,""
2021-04-04,Residents.Confirmed,403510,53,""
2021-04-11,Residents.Confirmed,404552,53,""
2021-04-18,Residents.Confirmed,405585,53,""
2021-04-25,Residents.Confirmed,406552,53,""
2021-05-02,Residents.Confirmed,407556,53,""
2021-05-09,Residents.Confirmed,408687,53,""
2021-05-16,Residents.Confirmed,409636,53,""
2021-05-23,Residents.Confirmed,409618,53,""
2021-05-30,Residents.Confirmed,409118,52,Delaware
2021-06-06,Residents.Confirmed,411602,53,""
2021-06-13,Residents.Confirmed,411168,52,Wyoming
2021-06-20,Residents.Confirmed,409992,51,"Mississippi, Wyoming"
2021-06-27,Residents.Confirmed,409969,51,"Mississippi, Wyoming"
2021-07-04,Residents.Confirmed,412052,52,Wyoming
2021-07-11,Residents.Confirmed,404848,50,"Louisiana, Nevada, Wyoming"
2021-07-18,Residents.Confirmed,405845,49,"Georgia, Louisiana, Rhode Island, Wyoming"
2021-07-25,Residents.Confirmed,408225,50,"Georgia, Louisiana, Wyoming"
2021-08-01,Residents.Confirmed,410889,50,"Georgia, Louisiana, Wyoming"
2021-08-08,Residents.Confirmed,408628,49,"Georgia, Louisiana, Nevada, Wyoming"
2021-08-15,Residents.Confirmed,410928,49,"Georgia, Louisiana, Nevada, Wyoming"
2021-08-22,Residents.Confirmed,415558,50,"Georgia, Louisiana, Wyoming"
2021-08-29,Residents.Confirmed,418829,50,"Georgia, Louisiana, Wyoming"
2021-09-05,Residents.Confirmed,420461,50,"Georgia, Louisiana, Wyoming"
2021-09-12,Residents.Confirmed,405146,49,"Florida, Georgia, Louisiana, Wyoming"
2020-03-22,Staff.Confirmed,97,36,"Arizona, Connecticut, Georgia, Indiana, Kentucky
 Maine, Maryland, Michigan, Mississippi, Montana
 Nebraska, Ohio, Pennsylvania, South Dakota, Utah
 Vermont, District of Columbia"
2020-03-29,Staff.Confirmed,493,47,"Indiana, Mississippi, Montana, North Dakota, Ohio
 District of Columbia"
2020-04-05,Staff.Confirmed,1571,49,"Alaska, Hawaii, North Dakota, District of Columbia"
2020-04-12,Staff.Confirmed,2963,52,District of Columbia
2020-04-19,Staff.Confirmed,4435,51,"Mississippi, District of Columbia"
2020-04-26,Staff.Confirmed,5751,51,"Alaska, District of Columbia"
2020-05-03,Staff.Confirmed,6472,51,"North Dakota, District of Columbia"
2020-05-10,Staff.Confirmed,6992,50,"Arkansas, North Dakota, District of Columbia"
2020-05-17,Staff.Confirmed,7522,50,"North Carolina, North Dakota, District of Columbia"
2020-05-24,Staff.Confirmed,8159,51,"North Carolina, District of Columbia"
2020-05-31,Staff.Confirmed,8698,51,"North Carolina, District of Columbia"
2020-06-07,Staff.Confirmed,9184,51,"Virginia, District of Columbia"
2020-06-14,Staff.Confirmed,9949,52,District of Columbia
2020-06-21,Staff.Confirmed,10545,52,District of Columbia
2020-06-28,Staff.Confirmed,11550,52,District of Columbia
2020-07-05,Staff.Confirmed,12946,52,District of Columbia
2020-07-12,Staff.Confirmed,13265,50,"Mississippi, New York, District of Columbia"
2020-07-19,Staff.Confirmed,16484,52,District of Columbia
2020-07-26,Staff.Confirmed,18161,52,District of Columbia
2020-08-02,Staff.Confirmed,19833,52,District of Columbia
2020-08-09,Staff.Confirmed,21843,51,"Montana, District of Columbia"
2020-08-16,Staff.Confirmed,23342,52,District of Columbia
2020-08-23,Staff.Confirmed,24103,50,"Alaska, Virginia, District of Columbia"
2020-08-30,Staff.Confirmed,25866,51,"Alaska, District of Columbia"
2020-09-06,Staff.Confirmed,26030,49,"Alaska, Arkansas, Virginia, District of Columbia"
2020-09-13,Staff.Confirmed,28046,51,"Arkansas, District of Columbia"
2020-09-20,Staff.Confirmed,29118,51,"Arkansas, District of Columbia"
2020-09-27,Staff.Confirmed,30333,51,"Arkansas, District of Columbia"
2020-10-04,Staff.Confirmed,31564,51,"Arkansas, Montana"
2020-10-11,Staff.Confirmed,32810,51,"Alaska, Arkansas"
2020-10-18,Staff.Confirmed,35192,52,Arkansas
2020-10-25,Staff.Confirmed,37805,52,Arkansas
2020-11-01,Staff.Confirmed,40108,52,Arkansas
2020-11-08,Staff.Confirmed,42039,49,"Arkansas, Colorado, Nebraska, Virginia"
2020-11-15,Staff.Confirmed,45561,50,"Arkansas, Nebraska, Virginia"
2020-11-22,Staff.Confirmed,52523,51,"Maine, ICE"
2020-11-29,Staff.Confirmed,58507,52,ICE
2020-12-06,Staff.Confirmed,62066,50,"Arkansas, Nebraska, ICE"
2020-12-13,Staff.Confirmed,68378,49,"Arkansas, Connecticut, Nebraska, ICE"
2020-12-20,Staff.Confirmed,75061,50,"Arkansas, Nebraska, ICE"
2020-12-27,Staff.Confirmed,80246,51,"Arkansas, ICE"
2021-01-03,Staff.Confirmed,85983,50,"Arkansas, Nebraska, ICE"
2021-01-10,Staff.Confirmed,91342,50,"Arkansas, Nebraska, ICE"
2021-01-17,Staff.Confirmed,94034,49,"Arkansas, Mississippi, Nebraska, ICE"
2021-01-24,Staff.Confirmed,95482,48,"Arkansas, Mississippi, Nebraska, Virginia, ICE"
2021-01-31,Staff.Confirmed,95547,48,"Arkansas, Mississippi, Nebraska, Pennsylvania, ICE"
2021-02-07,Staff.Confirmed,95378,46,"Alaska, Arkansas, Connecticut, Mississippi, Nebraska
 Pennsylvania, ICE"
2021-02-14,Staff.Confirmed,97266,47,"Alaska, Arkansas, Mississippi, Nebraska, Pennsylvania
 ICE"
2021-02-21,Staff.Confirmed,99300,48,"Alaska, Arkansas, Mississippi, Pennsylvania, ICE"
2021-02-28,Staff.Confirmed,99813,48,"Arkansas, Mississippi, Nebraska, Pennsylvania, ICE"
2021-03-07,Staff.Confirmed,100239,46,"Alaska, Arkansas, Maine, Mississippi, Nebraska
 Pennsylvania, ICE"
2021-03-14,Staff.Confirmed,101286,48,"Arkansas, Mississippi, Nebraska, Pennsylvania, ICE"
2021-03-21,Staff.Confirmed,102350,49,"Arkansas, Nebraska, Pennsylvania, ICE"
2021-03-28,Staff.Confirmed,99674,46,"Alaska, Arkansas, Mississippi, Nebraska, Pennsylvania
 Virginia, ICE"
2021-04-04,Staff.Confirmed,103353,48,"Alaska, Arkansas, Mississippi, Pennsylvania, ICE"
2021-04-11,Staff.Confirmed,108551,47,"Alaska, Arkansas, Maine, Mississippi, Nebraska
 ICE"
2021-04-18,Staff.Confirmed,109450,48,"Arkansas, Maine, Mississippi, Nebraska, ICE"
2021-04-25,Staff.Confirmed,107223,47,"Arkansas, Maine, Mississippi, Nebraska, Virginia
 ICE"
2021-05-02,Staff.Confirmed,110738,48,"Arkansas, Maine, Mississippi, Nebraska, ICE"
2021-05-09,Staff.Confirmed,111194,48,"Arkansas, Maine, Mississippi, Nebraska, ICE"
2021-05-16,Staff.Confirmed,110920,48,"Arkansas, Delaware, Mississippi, Nebraska, ICE"
2021-05-23,Staff.Confirmed,111392,48,"Arkansas, Maine, Mississippi, Nebraska, ICE"
2021-05-30,Staff.Confirmed,111568,47,"Arkansas, Delaware, Maine, Mississippi, Nebraska
 ICE"
2021-06-06,Staff.Confirmed,111588,48,"Arkansas, Maine, Mississippi, Nebraska, ICE"
2021-06-13,Staff.Confirmed,112453,47,"Arkansas, Maine, Mississippi, Nebraska, Wyoming
 ICE"
2021-06-20,Staff.Confirmed,111547,47,"Arkansas, Maine, Mississippi, Nebraska, Wyoming
 ICE"
2021-06-27,Staff.Confirmed,93947,40,"Alaska, Arkansas, Connecticut, Hawaii, Maine
 Mississippi, Nebraska, New Mexico, North Carolina, Virginia
 Wyoming, Federal, ICE"
2021-07-04,Staff.Confirmed,94048,40,"Alaska, Arkansas, Connecticut, Hawaii, Maine
 Mississippi, Nebraska, New Mexico, North Carolina, Virginia
 Wyoming, Federal, ICE"
2021-07-11,Staff.Confirmed,92215,38,"Alaska, Arkansas, Connecticut, Hawaii, Louisiana
 Maine, Mississippi, Nebraska, Nevada, New Mexico
 North Carolina, Virginia, Wyoming, Federal, ICE"
2021-07-18,Staff.Confirmed,91347,37,"Alaska, Arkansas, Connecticut, Georgia, Hawaii
 Louisiana, Maine, Mississippi, Nebraska, New Mexico
 North Carolina, Rhode Island, Virginia, Wyoming, Federal
 ICE"
2021-07-25,Staff.Confirmed,92813,38,"Alaska, Arkansas, Connecticut, Georgia, Hawaii
 Louisiana, Maine, Mississippi, Nebraska, New Mexico
 North Carolina, Virginia, Wyoming, Federal, ICE"
2021-08-01,Staff.Confirmed,94465,38,"Alaska, Arkansas, Connecticut, Georgia, Hawaii
 Louisiana, Maine, Mississippi, Nebraska, New Mexico
 North Carolina, Virginia, Wyoming, Federal, ICE"
2021-08-08,Staff.Confirmed,92415,36,"Alaska, Arkansas, Connecticut, Georgia, Hawaii
 Louisiana, Maine, Mississippi, Nebraska, Nevada
 New Mexico, North Carolina, Oklahoma, Virginia, Wyoming
 Federal, ICE"
2021-08-15,Staff.Confirmed,95775,38,"Arkansas, Georgia, Hawaii, Louisiana, Maine
 Mississippi, Nebraska, Nevada, New Mexico, North Carolina
 Oklahoma, Virginia, Wyoming, Federal, ICE"
2021-08-22,Staff.Confirmed,97862,39,"Arkansas, Georgia, Hawaii, Louisiana, Maine
 Mississippi, Nebraska, New Mexico, North Carolina, Oklahoma
 Virginia, Wyoming, Federal, ICE"
2021-08-29,Staff.Confirmed,104187,40,"Arkansas, Georgia, Hawaii, Louisiana, Maine
 Mississippi, Nebraska, New Mexico, Oklahoma, Virginia
 Wyoming, Federal, ICE"
2021-09-05,Staff.Confirmed,106299,40,"Arkansas, Georgia, Hawaii, Louisiana, Maine
 Mississippi, Nebraska, New Mexico, Oklahoma, Virginia
 Wyoming, Federal, ICE"
2021-09-12,Staff.Confirmed,101891,39,"Arkansas, Florida, Georgia, Hawaii, Louisiana
 Maine, Mississippi, Nebraska, New Mexico, Oklahoma
 Virginia, Wyoming, Federal, ICE"
2020-03-22,Residents.Deaths,2,51,"Kentucky, District of Columbia"
2020-03-29,Residents.Deaths,14,49,"Kentucky, Mississippi, Nebraska, District of Columbia"
2020-04-05,Residents.Deaths,31,52,District of Columbia
2020-04-12,Residents.Deaths,87,52,District of Columbia
2020-04-19,Residents.Deaths,155,51,"Mississippi, District of Columbia"
2020-04-26,Residents.Deaths,245,52,District of Columbia
2020-05-03,Residents.Deaths,337,52,District of Columbia
2020-05-10,Residents.Deaths,418,52,District of Columbia
2020-05-17,Residents.Deaths,450,52,District of Columbia
2020-05-24,Residents.Deaths,493,50,"Nebraska, Washington, District of Columbia"
2020-05-31,Residents.Deaths,542,50,"Nebraska, Washington, District of Columbia"
2020-06-07,Residents.Deaths,568,51,"Nebraska, District of Columbia"
2020-06-14,Residents.Deaths,606,51,"Montana, District of Columbia"
2020-06-21,Residents.Deaths,632,52,District of Columbia
2020-06-28,Residents.Deaths,661,51,"Mississippi, District of Columbia"
2020-07-05,Residents.Deaths,687,52,District of Columbia
2020-07-12,Residents.Deaths,709,49,"Mississippi, Montana, New York, District of Columbia"
2020-07-19,Residents.Deaths,769,51,"Mississippi, District of Columbia"
2020-07-26,Residents.Deaths,826,51,"Mississippi, District of Columbia"
2020-08-02,Residents.Deaths,874,50,"Mississippi, Montana, District of Columbia"
2020-08-09,Residents.Deaths,926,51,"Mississippi, District of Columbia"
2020-08-16,Residents.Deaths,957,49,"Mississippi, Montana, Oklahoma, District of Columbia"
2020-08-23,Residents.Deaths,994,51,"Mississippi, District of Columbia"
2020-08-30,Residents.Deaths,1047,50,"Mississippi, Nebraska, District of Columbia"
2020-09-06,Residents.Deaths,1090,50,"Mississippi, Nebraska, District of Columbia"
2020-09-13,Residents.Deaths,1131,51,"Mississippi, District of Columbia"
2020-09-20,Residents.Deaths,1211,51,"Mississippi, District of Columbia"
2020-09-27,Residents.Deaths,1236,51,"Mississippi, District of Columbia"
2020-10-04,Residents.Deaths,1261,51,"Illinois, Mississippi"
2020-10-11,Residents.Deaths,1307,49,"Kansas, Mississippi, Nebraska, New Hampshire"
2020-10-18,Residents.Deaths,1374,52,Mississippi
2020-10-25,Residents.Deaths,1393,52,Mississippi
2020-11-01,Residents.Deaths,1434,51,"Maine, Mississippi"
2020-11-08,Residents.Deaths,1459,51,"Mississippi, Oklahoma"
2020-11-15,Residents.Deaths,1512,51,"Mississippi, Missouri"
2020-11-22,Residents.Deaths,1561,50,"Maine, Mississippi, Oklahoma"
2020-11-29,Residents.Deaths,1666,52,Mississippi
2020-12-06,Residents.Deaths,1755,52,Mississippi
2020-12-13,Residents.Deaths,1815,51,"Illinois, Mississippi"
2020-12-20,Residents.Deaths,1945,51,"Mississippi, Rhode Island"
2020-12-27,Residents.Deaths,2073,53,""
2021-01-03,Residents.Deaths,2161,52,Mississippi
2021-01-10,Residents.Deaths,2176,51,"Illinois, Mississippi"
2021-01-17,Residents.Deaths,2345,52,Mississippi
2021-01-24,Residents.Deaths,2423,53,""
2021-01-31,Residents.Deaths,2465,53,""
2021-02-07,Residents.Deaths,2512,52,Wyoming
2021-02-14,Residents.Deaths,2495,52,Arizona
2021-02-21,Residents.Deaths,2518,52,Arizona
2021-02-28,Residents.Deaths,2542,52,Arizona
2021-03-07,Residents.Deaths,2556,52,Arizona
2021-03-14,Residents.Deaths,2627,53,""
2021-03-21,Residents.Deaths,2586,52,Illinois
2021-03-28,Residents.Deaths,2652,53,""
2021-04-04,Residents.Deaths,2660,53,""
2021-04-11,Residents.Deaths,2676,53,""
2021-04-18,Residents.Deaths,2683,53,""
2021-04-25,Residents.Deaths,2691,53,""
2021-05-02,Residents.Deaths,2695,53,""
2021-05-09,Residents.Deaths,2703,53,""
2021-05-16,Residents.Deaths,2701,53,""
2021-05-23,Residents.Deaths,2705,52,Maine
2021-05-30,Residents.Deaths,2712,52,Maine
2021-06-06,Residents.Deaths,2715,52,Maine
2021-06-13,Residents.Deaths,2718,52,Maine
2021-06-20,Residents.Deaths,2699,51,"Maine, Mississippi"
2021-06-27,Residents.Deaths,2478,48,"Arkansas, Illinois, Maine, Mississippi, Vermont"
2021-07-04,Residents.Deaths,2474,48,"Arkansas, Illinois, Maine, Mississippi, Vermont"
2021-07-11,Residents.Deaths,2391,46,"Arkansas, Illinois, Louisiana, Maine, Mississippi
 Nevada, Vermont"
2021-07-18,Residents.Deaths,2350,45,"Arkansas, Georgia, Illinois, Louisiana, Maine
 Mississippi, Rhode Island, Vermont"
2021-07-25,Residents.Deaths,2356,46,"Arkansas, Georgia, Illinois, Louisiana, Maine
 Mississippi, Vermont"
2021-08-01,Residents.Deaths,2363,46,"Arkansas, Georgia, Illinois, Louisiana, Maine
 Mississippi, Vermont"
2021-08-08,Residents.Deaths,2313,45,"Arkansas, Georgia, Illinois, Louisiana, Maine
 Mississippi, Nevada, Vermont"
2021-08-15,Residents.Deaths,2407,47,"Arkansas, Georgia, Louisiana, Maine, Mississippi
 Nevada"
2021-08-22,Residents.Deaths,2457,48,"Arkansas, Georgia, Louisiana, Maine, Mississippi"
2021-08-29,Residents.Deaths,2465,48,"Arkansas, Georgia, Louisiana, Maine, Mississippi"
2021-09-05,Residents.Deaths,2470,48,"Arkansas, Georgia, Louisiana, Maine, Mississippi"
2021-09-12,Residents.Deaths,2572,48,"Arkansas, Georgia, Louisiana, Maine, Mississippi"
2020-03-22,Staff.Deaths,0,49,"Kentucky, South Dakota, ICE, District of Columbia"
2020-03-29,Staff.Deaths,2,47,"Kentucky, Mississippi, Nebraska, South Dakota, ICE
 District of Columbia"
2020-04-05,Staff.Deaths,6,46,"Alaska, Arizona, Hawaii, Illinois, New Jersey
 ICE, District of Columbia"
2020-04-12,Staff.Deaths,9,51,"ICE, District of Columbia"
2020-04-19,Staff.Deaths,15,50,"Mississippi, ICE, District of Columbia"
2020-04-26,Staff.Deaths,20,51,"ICE, District of Columbia"
2020-05-03,Staff.Deaths,22,50,"North Dakota, ICE, District of Columbia"
2020-05-10,Staff.Deaths,28,50,"Washington, ICE, District of Columbia"
2020-05-17,Staff.Deaths,33,50,"Colorado, ICE, District of Columbia"
2020-05-24,Staff.Deaths,33,46,"Delaware, Mississippi, Oklahoma, Utah, Virginia
 ICE, District of Columbia"
2020-05-31,Staff.Deaths,34,47,"Delaware, Mississippi, Utah, Virginia, ICE
 District of Columbia"
2020-06-07,Staff.Deaths,39,48,"Delaware, Mississippi, Virginia, ICE, District of Columbia"
2020-06-14,Staff.Deaths,41,48,"Delaware, Mississippi, Montana, ICE, District of Columbia"
2020-06-21,Staff.Deaths,39,48,"Delaware, Mississippi, New Jersey, ICE, District of Columbia"
2020-06-28,Staff.Deaths,43,49,"Arizona, Mississippi, ICE, District of Columbia"
2020-07-05,Staff.Deaths,42,47,"Arizona, Mississippi, Nebraska, New Jersey, ICE
 District of Columbia"
2020-07-12,Staff.Deaths,38,45,"Arizona, Delaware, Mississippi, Nebraska, New Jersey
 New York, ICE, District of Columbia"
2020-07-19,Staff.Deaths,47,48,"Arizona, Mississippi, New Jersey, ICE, District of Columbia"
2020-07-26,Staff.Deaths,51,47,"Arizona, Mississippi, Nebraska, New Jersey, ICE
 District of Columbia"
2020-08-02,Staff.Deaths,60,46,"Arizona, Mississippi, Montana, Nebraska, New Jersey
 ICE, District of Columbia"
2020-08-09,Staff.Deaths,65,47,"Arizona, Mississippi, Nebraska, New Jersey, ICE
 District of Columbia"
2020-08-16,Staff.Deaths,70,46,"Arizona, Mississippi, Montana, New Jersey, Oklahoma
 ICE, District of Columbia"
2020-08-23,Staff.Deaths,72,45,"Arizona, Illinois, Massachusetts, Mississippi, New Jersey
 Virginia, ICE, District of Columbia"
2020-08-30,Staff.Deaths,72,45,"Alaska, Arizona, Hawaii, Massachusetts, Mississippi
 New Jersey, ICE, District of Columbia"
2020-09-06,Staff.Deaths,73,45,"Alaska, Arizona, Massachusetts, Mississippi, New Jersey
 Virginia, ICE, District of Columbia"
2020-09-13,Staff.Deaths,76,46,"Arizona, Massachusetts, Mississippi, New Jersey, Oklahoma
 ICE, District of Columbia"
2020-09-20,Staff.Deaths,79,46,"Arizona, Hawaii, Massachusetts, Mississippi, New Jersey
 ICE, District of Columbia"
2020-09-27,Staff.Deaths,84,47,"Arizona, Massachusetts, Mississippi, New Jersey, ICE
 District of Columbia"
2020-10-04,Staff.Deaths,84,46,"Arizona, Hawaii, Massachusetts, Mississippi, New Jersey
 Oregon, ICE"
2020-10-11,Staff.Deaths,82,44,"Arizona, Hawaii, Kansas, Massachusetts, Mississippi
 New Hampshire, New Jersey, Oregon, ICE"
2020-10-18,Staff.Deaths,86,48,"Arizona, Massachusetts, Mississippi, New Jersey, ICE"
2020-10-25,Staff.Deaths,87,47,"Arizona, Massachusetts, Mississippi, New Jersey, Oklahoma
 ICE"
2020-11-01,Staff.Deaths,87,44,"Arizona, Colorado, Maine, Massachusetts, Mississippi
 New Jersey, Oklahoma, Wisconsin, ICE"
2020-11-08,Staff.Deaths,86,44,"Arizona, Florida, Massachusetts, Mississippi, Nebraska
 New Jersey, Oklahoma, Wisconsin, ICE"
2020-11-15,Staff.Deaths,92,42,"Arizona, Colorado, Massachusetts, Mississippi, Missouri
 Nebraska, New Jersey, Oklahoma, Utah, Wisconsin
 ICE"
2020-11-22,Staff.Deaths,96,41,"Arizona, Colorado, Maine, Massachusetts, Mississippi
 Nebraska, New Jersey, Oklahoma, Rhode Island, Utah
 Wisconsin, ICE"
2020-11-29,Staff.Deaths,102,45,"Arizona, Massachusetts, Mississippi, Nebraska, New Jersey
 Oklahoma, Wisconsin, ICE"
2020-12-06,Staff.Deaths,104,44,"Arizona, Massachusetts, Mississippi, Nebraska, New Hampshire
 New Jersey, Oklahoma, Wisconsin, ICE"
2020-12-13,Staff.Deaths,109,42,"Arizona, Connecticut, Illinois, Massachusetts, Mississippi
 Nebraska, New Jersey, Oklahoma, Utah, Wisconsin
 ICE"
2020-12-20,Staff.Deaths,111,43,"Arizona, Florida, Minnesota, Mississippi, Nebraska
 New Jersey, Oklahoma, Utah, Wisconsin, ICE"
2020-12-27,Staff.Deaths,122,42,"Arizona, Colorado, Florida, Massachusetts, Nebraska
 New Jersey, Oklahoma, Utah, Wisconsin, Wyoming
 ICE"
2021-01-03,Staff.Deaths,128,39,"Arizona, Florida, Hawaii, Massachusetts, Minnesota
 Mississippi, Nebraska, New Hampshire, New Jersey, Oklahoma
 Oregon, Utah, Wisconsin, ICE"
2021-01-10,Staff.Deaths,140,41,"Arizona, Illinois, Massachusetts, Minnesota, Mississippi
 Nebraska, New Hampshire, New Jersey, Oklahoma, Utah
 Wisconsin, ICE"
2021-01-17,Staff.Deaths,153,41,"Arizona, Arkansas, Massachusetts, Minnesota, Mississippi
 Nebraska, New Hampshire, New Jersey, Oklahoma, Utah
 Wisconsin, ICE"
2021-01-24,Staff.Deaths,163,43,"Arizona, Massachusetts, Mississippi, Nebraska, New Jersey
 Oklahoma, Oregon, Utah, Wisconsin, ICE"
2021-01-31,Staff.Deaths,166,44,"Arizona, Massachusetts, Minnesota, Mississippi, Nebraska
 New Jersey, Oklahoma, Wisconsin, ICE"
2021-02-07,Staff.Deaths,166,37,"Alaska, Arizona, Connecticut, Florida, Hawaii
 Massachusetts, Minnesota, Mississippi, Nebraska, New Hampshire
 New Jersey, Oklahoma, Oregon, Utah, Wisconsin
 ICE"
2021-02-14,Staff.Deaths,177,42,"Alaska, Arizona, Massachusetts, Mississippi, Nebraska
 New Hampshire, New Jersey, Oklahoma, Utah, Wisconsin
 ICE"
2021-02-21,Staff.Deaths,180,41,"Alaska, Arizona, Hawaii, Massachusetts, Mississippi
 Nebraska, New Jersey, Oklahoma, Utah, Vermont
 Wisconsin, ICE"
2021-02-28,Staff.Deaths,182,42,"Arizona, Massachusetts, Mississippi, Nebraska, New Jersey
 Oklahoma, Oregon, Utah, Vermont, Wisconsin
 ICE"
2021-03-07,Staff.Deaths,178,41,"Alaska, Arizona, Florida, Massachusetts, Mississippi
 Nebraska, New Jersey, Oklahoma, Oregon, Utah
 Wisconsin, ICE"
2021-03-14,Staff.Deaths,186,44,"Arizona, Massachusetts, Mississippi, Nebraska, New Jersey
 Oklahoma, Utah, Wisconsin, ICE"
2021-03-21,Staff.Deaths,189,44,"Arizona, Massachusetts, Mississippi, Nebraska, New Jersey
 Oklahoma, Oregon, Wisconsin, ICE"
2021-03-28,Staff.Deaths,188,41,"Alaska, Arizona, Massachusetts, Mississippi, Nebraska
 New Hampshire, New Jersey, Oklahoma, Oregon, Utah
 Wisconsin, ICE"
2021-04-04,Staff.Deaths,183,41,"Alaska, Arizona, Colorado, Florida, Massachusetts
 Mississippi, Nebraska, New Jersey, Oklahoma, Utah
 Wisconsin, ICE"
2021-04-11,Staff.Deaths,192,43,"Arizona, Massachusetts, Mississippi, Nebraska, New Jersey
 Oklahoma, Oregon, Utah, Wisconsin, ICE"
2021-04-18,Staff.Deaths,189,43,"Arizona, Massachusetts, Mississippi, Nebraska, New Jersey
 Oklahoma, Pennsylvania, Utah, Wisconsin, ICE"
2021-04-25,Staff.Deaths,190,43,"Arizona, Massachusetts, Mississippi, Nebraska, New Jersey
 Oklahoma, Pennsylvania, Utah, Wisconsin, ICE"
2021-05-02,Staff.Deaths,193,43,"Arizona, Massachusetts, Mississippi, Nebraska, New Jersey
 Oklahoma, Pennsylvania, Utah, Wisconsin, ICE"
2021-05-09,Staff.Deaths,193,43,"Arizona, Massachusetts, Mississippi, Nebraska, New Jersey
 Oklahoma, Pennsylvania, Utah, Wisconsin, ICE"
2021-05-16,Staff.Deaths,193,42,"Arizona, Massachusetts, Mississippi, Nebraska, New Jersey
 Oklahoma, Oregon, Pennsylvania, Utah, Wisconsin
 ICE"
2021-05-23,Staff.Deaths,194,41,"Arizona, Maine, Massachusetts, Mississippi, Nebraska
 New Jersey, Oklahoma, Oregon, Pennsylvania, Utah
 Wisconsin, ICE"
2021-05-30,Staff.Deaths,195,42,"Arizona, Maine, Massachusetts, Mississippi, Nebraska
 New Jersey, Oklahoma, Pennsylvania, Utah, Wisconsin
 ICE"
2021-06-06,Staff.Deaths,195,42,"Arizona, Maine, Massachusetts, Mississippi, Nebraska
 New Jersey, Oklahoma, Pennsylvania, Utah, Wisconsin
 ICE"
2021-06-13,Staff.Deaths,195,40,"Arizona, Delaware, Maine, Massachusetts, Mississippi
 Nebraska, New Jersey, Oklahoma, Pennsylvania, Utah
 Wisconsin, Wyoming, ICE"
2021-06-20,Staff.Deaths,168,38,"Arizona, California, Delaware, Hawaii, Maine
 Massachusetts, Mississippi, Nebraska, New Jersey, Oklahoma
 Pennsylvania, Utah, Wisconsin, Wyoming, ICE"
2021-06-27,Staff.Deaths,149,25,"Alaska, Arizona, Arkansas, California, Colorado
 Connecticut, Delaware, Hawaii, Idaho, Illinois
 Maine, Massachusetts, Minnesota, Mississippi, Nebraska
 New Hampshire, New Jersey, New Mexico, North Carolina, Oklahoma
 Oregon, Pennsylvania, Utah, Vermont, West Virginia
 Wisconsin, Wyoming, ICE"
2021-07-04,Staff.Deaths,150,25,"Alaska, Arizona, Arkansas, California, Colorado
 Connecticut, Delaware, Hawaii, Idaho, Illinois
 Maine, Massachusetts, Minnesota, Mississippi, Nebraska
 New Hampshire, New Jersey, New Mexico, North Carolina, Oklahoma
 Oregon, Pennsylvania, Utah, Vermont, West Virginia
 Wisconsin, Wyoming, ICE"
2021-07-11,Staff.Deaths,141,23,"Alaska, Arizona, Arkansas, California, Colorado
 Connecticut, Delaware, Hawaii, Idaho, Illinois
 Louisiana, Maine, Massachusetts, Minnesota, Mississippi
 Nebraska, Nevada, New Hampshire, New Jersey, New Mexico
 North Carolina, Oklahoma, Oregon, Pennsylvania, Utah
 Vermont, West Virginia, Wisconsin, Wyoming, ICE"
2021-07-18,Staff.Deaths,139,22,"Alaska, Arizona, Arkansas, California, Colorado
 Connecticut, Delaware, Georgia, Hawaii, Idaho
 Illinois, Louisiana, Maine, Massachusetts, Minnesota
 Mississippi, Nebraska, New Hampshire, New Jersey, New Mexico
 North Carolina, Oklahoma, Oregon, Pennsylvania, Rhode Island
 Utah, Vermont, West Virginia, Wisconsin, Wyoming
 ICE"
2021-07-25,Staff.Deaths,142,23,"Alaska, Arizona, Arkansas, California, Colorado
 Connecticut, Delaware, Georgia, Hawaii, Idaho
 Illinois, Louisiana, Maine, Massachusetts, Minnesota
 Mississippi, Nebraska, New Hampshire, New Jersey, New Mexico
 North Carolina, Oklahoma, Oregon, Pennsylvania, Utah
 Vermont, West Virginia, Wisconsin, Wyoming, ICE"
2021-08-01,Staff.Deaths,143,23,"Alaska, Arizona, Arkansas, California, Colorado
 Connecticut, Delaware, Georgia, Hawaii, Idaho
 Illinois, Louisiana, Maine, Massachusetts, Minnesota
 Mississippi, Nebraska, New Hampshire, New Jersey, New Mexico
 North Carolina, Oklahoma, Oregon, Pennsylvania, Utah
 Vermont, West Virginia, Wisconsin, Wyoming, ICE"
2021-08-08,Staff.Deaths,141,22,"Alaska, Arizona, Arkansas, California, Colorado
 Connecticut, Delaware, Georgia, Hawaii, Idaho
 Illinois, Louisiana, Maine, Massachusetts, Minnesota
 Mississippi, Nebraska, Nevada, New Hampshire, New Jersey
 New Mexico, North Carolina, Oklahoma, Oregon, Pennsylvania
 Utah, Vermont, West Virginia, Wisconsin, Wyoming
 ICE"
2021-08-15,Staff.Deaths,147,23,"Arizona, Arkansas, California, Colorado, Connecticut
 Delaware, Georgia, Hawaii, Idaho, Illinois
 Louisiana, Maine, Massachusetts, Minnesota, Mississippi
 Nebraska, Nevada, New Hampshire, New Jersey, New Mexico
 North Carolina, Oklahoma, Oregon, Pennsylvania, Utah
 Vermont, West Virginia, Wisconsin, Wyoming, ICE"
2021-08-22,Staff.Deaths,152,24,"Arizona, Arkansas, California, Colorado, Connecticut
 Delaware, Georgia, Hawaii, Idaho, Illinois
 Louisiana, Maine, Massachusetts, Minnesota, Mississippi
 Nebraska, New Hampshire, New Jersey, New Mexico, North Carolina
 Oklahoma, Oregon, Pennsylvania, Utah, Vermont
 West Virginia, Wisconsin, Wyoming, ICE"
2021-08-29,Staff.Deaths,154,24,"Arizona, Arkansas, California, Colorado, Connecticut
 Delaware, Georgia, Hawaii, Idaho, Illinois
 Louisiana, Maine, Massachusetts, Minnesota, Mississippi
 Nebraska, New Hampshire, New Jersey, New Mexico, North Carolina
 Oklahoma, Oregon, Pennsylvania, Utah, Vermont
 West Virginia, Wisconsin, Wyoming, ICE"
2021-09-05,Staff.Deaths,162,24,"Arizona, Arkansas, California, Colorado, Connecticut
 Delaware, Georgia, Hawaii, Idaho, Illinois
 Louisiana, Maine, Massachusetts, Minnesota, Mississippi
 Nebraska, New Hampshire, New Jersey, New Mexico, North Carolina
 Oklahoma, Oregon, Pennsylvania, Utah, Vermont
 West Virginia, Wisconsin, Wyoming, ICE"
2021-09-12,Staff.Deaths,167,24,"Arizona, Arkansas, California, Colorado, Connecticut
 Delaware, Georgia, Hawaii, Idaho, Illinois
 Iowa, Louisiana, Maine, Massachusetts, Minnesota
 Mississippi, Nebraska, New Hampshire, New Jersey, New Mexico
 North Carolina, Oklahoma, Oregon, Pennsylvania, Utah
 West Virginia, Wisconsin, Wyoming, ICE"
2020-03-29,Residents.Tadmin,10,2,"Alabama, Alaska, Arizona, Arkansas, California
 Colorado, Connecticut, Delaware, Florida, Georgia
 Hawaii, Idaho, Illinois, Indiana, Iowa
 Kansas, Kentucky, Louisiana, Maine, Maryland
 Massachusetts, Michigan, Minnesota, Mississippi, Missouri
 Montana, Nebraska, Nevada, New Hampshire, New Jersey
 New Mexico, New York, North Carolina, North Dakota, Ohio
 Oregon, Pennsylvania, Rhode Island, South Carolina, South Dakota
 Tennessee, Texas, Utah, Virginia, Washington
 West Virginia, Wisconsin, Wyoming, Federal, ICE
 District of Columbia"
2020-04-05,Residents.Tadmin,434,2,"Alabama, Alaska, Arizona, Arkansas, California
 Colorado, Connecticut, Delaware, Florida, Georgia
 Hawaii, Idaho, Illinois, Indiana, Iowa
 Kansas, Kentucky, Louisiana, Maine, Maryland
 Massachusetts, Michigan, Minnesota, Mississippi, Missouri
 Montana, Nebraska, Nevada, New Hampshire, New Jersey
 New Mexico, New York, North Carolina, North Dakota, Ohio
 Oklahoma, Oregon, Pennsylvania, Rhode Island, South Carolina
 South Dakota, Tennessee, Utah, Virginia, Washington
 West Virginia, Wisconsin, Wyoming, Federal, ICE
 District of Columbia"
2020-04-12,Residents.Tadmin,1045,4,"Alabama, Alaska, Arizona, Arkansas, California
 Colorado, Connecticut, Delaware, Florida, Georgia
 Hawaii, Idaho, Illinois, Indiana, Iowa
 Kansas, Kentucky, Louisiana, Maine, Maryland
 Massachusetts, Michigan, Minnesota, Mississippi, Missouri
 Montana, Nebraska, Nevada, New Hampshire, New Jersey
 New Mexico, New York, North Carolina, Ohio, Oregon
 Pennsylvania, Rhode Island, South Carolina, South Dakota, Tennessee
 Utah, Virginia, Washington, West Virginia, Wisconsin
 Wyoming, Federal, ICE, District of Columbia"
2020-04-19,Residents.Tadmin,6185,7,"Alabama, Alaska, Arizona, California, Colorado
 Connecticut, Delaware, Florida, Georgia, Hawaii
 Idaho, Illinois, Indiana, Iowa, Kansas
 Kentucky, Louisiana, Maine, Maryland, Massachusetts
 Michigan, Minnesota, Mississippi, Missouri, Montana
 Nebraska, Nevada, New Hampshire, New Jersey, New Mexico
 New York, North Carolina, Ohio, Oregon, Pennsylvania
 Rhode Island, South Carolina, South Dakota, Virginia, Washington
 West Virginia, Wisconsin, Wyoming, Federal, ICE
 District of Columbia"
2020-04-26,Residents.Tadmin,8698,8,"Alabama, Alaska, Arizona, California, Colorado
 Connecticut, Delaware, Florida, Georgia, Hawaii
 Idaho, Illinois, Indiana, Iowa, Kansas
 Kentucky, Louisiana, Maine, Maryland, Massachusetts
 Michigan, Minnesota, Mississippi, Missouri, Montana
 Nebraska, Nevada, New Hampshire, New Jersey, New Mexico
 New York, North Carolina, Ohio, Pennsylvania, Rhode Island
 South Carolina, South Dakota, Virginia, Washington, West Virginia
 Wisconsin, Wyoming, Federal, ICE, District of Columbia"
2020-05-03,Residents.Tadmin,9858,6,"Alabama, Alaska, Arizona, Arkansas, California
 Colorado, Connecticut, Delaware, Florida, Georgia
 Hawaii, Idaho, Illinois, Indiana, Iowa
 Kansas, Kentucky, Louisiana, Maine, Maryland
 Massachusetts, Michigan, Minnesota, Mississippi, Missouri
 Montana, Nebraska, Nevada, New Hampshire, New Jersey
 New Mexico, New York, North Carolina, North Dakota, Ohio
 Pennsylvania, Rhode Island, South Carolina, South Dakota, Virginia
 Washington, West Virginia, Wisconsin, Wyoming, Federal
 ICE, District of Columbia"
2020-05-10,Residents.Tadmin,33170,7,"Alabama, Alaska, Arizona, California, Colorado
 Connecticut, Delaware, Florida, Georgia, Hawaii
 Idaho, Illinois, Indiana, Iowa, Kansas
 Kentucky, Louisiana, Maine, Maryland, Massachusetts
 Michigan, Minnesota, Mississippi, Missouri, Montana
 Nebraska, Nevada, New Hampshire, New Jersey, New Mexico
 New York, North Carolina, Ohio, Pennsylvania, Rhode Island
 South Carolina, South Dakota, Vermont, Virginia, Washington
 West Virginia, Wisconsin, Wyoming, Federal, ICE
 District of Columbia"
2020-05-17,Residents.Tadmin,67425,7,"Alabama, Alaska, Arizona, California, Colorado
 Connecticut, Delaware, Florida, Georgia, Hawaii
 Idaho, Illinois, Indiana, Iowa, Kansas
 Kentucky, Louisiana, Maine, Maryland, Massachusetts
 Michigan, Minnesota, Mississippi, Missouri, Montana
 Nebraska, Nevada, New Hampshire, New Jersey, New Mexico
 New York, North Carolina, Ohio, Pennsylvania, Rhode Island
 South Carolina, South Dakota, Vermont, Virginia, Washington
 West Virginia, Wisconsin, Wyoming, Federal, ICE
 District of Columbia"
2020-05-24,Residents.Tadmin,83882,11,"Alabama, Alaska, Arizona, California, Colorado
 Connecticut, Delaware, Florida, Georgia, Hawaii
 Idaho, Illinois, Indiana, Iowa, Kentucky
 Louisiana, Maine, Maryland, Massachusetts, Michigan
 Minnesota, Mississippi, Montana, Nebraska, Nevada
 New Hampshire, New Jersey, New Mexico, New York, North Carolina
 Ohio, Pennsylvania, Rhode Island, South Carolina, South Dakota
 Virginia, Washington, Wisconsin, Wyoming, Federal
 ICE, District of Columbia"
2020-05-31,Residents.Tadmin,96629,9,"Alabama, Alaska, Arizona, Arkansas, California
 Colorado, Connecticut, Delaware, Florida, Georgia
 Hawaii, Idaho, Illinois, Indiana, Kentucky
 Louisiana, Maine, Maryland, Massachusetts, Michigan
 Minnesota, Mississippi, Missouri, Montana, Nebraska
 Nevada, New Hampshire, New Jersey, New York, North Carolina
 Ohio, Pennsylvania, Rhode Island, South Carolina, South Dakota
 Vermont, Virginia, Washington, West Virginia, Wisconsin
 Wyoming, Federal, ICE, District of Columbia"
2020-06-07,Residents.Tadmin,151230,11,"Alabama, Alaska, Arizona, Arkansas, California
 Colorado, Connecticut, Delaware, Florida, Georgia
 Hawaii, Illinois, Indiana, Iowa, Kentucky
 Louisiana, Maine, Maryland, Massachusetts, Michigan
 Minnesota, Mississippi, Missouri, Montana, Nebraska
 Nevada, New Hampshire, New Jersey, New Mexico, New York
 North Carolina, Ohio, Pennsylvania, Rhode Island, South Carolina
 South Dakota, Washington, Wisconsin, Wyoming, Federal
 ICE, District of Columbia"
2020-06-14,Residents.Tadmin,153075,11,"Alabama, Alaska, Arizona, Arkansas, California
 Connecticut, Delaware, Florida, Georgia, Hawaii
 Illinois, Indiana, Kentucky, Louisiana, Maine
 Maryland, Massachusetts, Michigan, Minnesota, Mississippi
 Missouri, Montana, Nebraska, Nevada, New Hampshire
 New Jersey, New Mexico, New York, North Carolina, Ohio
 Pennsylvania, Rhode Island, South Carolina, South Dakota, Vermont
 Virginia, Washington, Wisconsin, Wyoming, Federal
 ICE, District of Columbia"
2020-06-21,Residents.Tadmin,189277,13,"Alabama, Alaska, Arizona, Arkansas, California
 Connecticut, Delaware, Florida, Georgia, Hawaii
 Illinois, Indiana, Iowa, Kentucky, Louisiana
 Maine, Massachusetts, Michigan, Minnesota, Mississippi
 Missouri, Montana, Nebraska, Nevada, New Hampshire
 New Jersey, New Mexico, New York, North Carolina, Ohio
 Pennsylvania, Rhode Island, South Carolina, South Dakota, Virginia
 Washington, Wyoming, Federal, ICE, District of Columbia"
2020-06-28,Residents.Tadmin,214497,13,"Alabama, Alaska, Arizona, Arkansas, California
 Connecticut, Delaware, Georgia, Hawaii, Idaho
 Illinois, Indiana, Kentucky, Louisiana, Maine
 Massachusetts, Michigan, Minnesota, Mississippi, Missouri
 Montana, Nebraska, Nevada, New Hampshire, New Jersey
 New Mexico, New York, North Carolina, Ohio, Pennsylvania
 Rhode Island, South Carolina, South Dakota, Virginia, Washington
 Wisconsin, Wyoming, Federal, ICE, District of Columbia"
2020-07-05,Residents.Tadmin,257967,17,"Alabama, Arizona, Arkansas, California, Connecticut
 Delaware, Georgia, Hawaii, Illinois, Indiana
 Iowa, Kentucky, Louisiana, Maine, Massachusetts
 Michigan, Minnesota, Mississippi, Missouri, Montana
 Nebraska, New Hampshire, New Jersey, New Mexico, New York
 North Carolina, Ohio, Pennsylvania, Rhode Island, South Carolina
 South Dakota, Virginia, Wyoming, Federal, ICE
 District of Columbia"
2020-07-12,Residents.Tadmin,281374,17,"Alabama, Arizona, Arkansas, California, Connecticut
 Delaware, Georgia, Hawaii, Illinois, Indiana
 Iowa, Kentucky, Louisiana, Maine, Massachusetts
 Michigan, Mississippi, Missouri, Montana, Nebraska
 Nevada, New Hampshire, New Jersey, New Mexico, New York
 North Carolina, Ohio, Pennsylvania, Rhode Island, South Carolina
 South Dakota, Virginia, Washington, Federal, ICE
 District of Columbia"
2020-07-19,Residents.Tadmin,319218,19,"Alabama, Arizona, Arkansas, California, Connecticut
 Delaware, Georgia, Hawaii, Illinois, Indiana
 Kentucky, Louisiana, Maine, Massachusetts, Michigan
 Minnesota, Missouri, Montana, Nebraska, Nevada
 New Hampshire, New Jersey, New Mexico, New York, Ohio
 Pennsylvania, Rhode Island, South Carolina, South Dakota, Virginia
 Wyoming, Federal, ICE, District of Columbia"
2020-07-26,Residents.Tadmin,364079,18,"Alabama, Arizona, Arkansas, California, Delaware
 Georgia, Hawaii, Idaho, Illinois, Indiana
 Kentucky, Louisiana, Maine, Massachusetts, Michigan
 Mississippi, Missouri, Montana, Nebraska, Nevada
 New Hampshire, New Jersey, New Mexico, New York, North Carolina
 Ohio, Pennsylvania, Rhode Island, South Carolina, South Dakota
 Virginia, Wyoming, Federal, ICE, District of Columbia"
2020-08-02,Residents.Tadmin,371016,19,"Alabama, Arizona, Arkansas, California, Delaware
 Florida, Georgia, Hawaii, Idaho, Illinois
 Indiana, Kentucky, Louisiana, Maine, Massachusetts
 Michigan, Minnesota, Mississippi, Missouri, Montana
 Nebraska, Nevada, New Hampshire, New York, Ohio
 Pennsylvania, Rhode Island, South Carolina, South Dakota, Virginia
 Wyoming, Federal, ICE, District of Columbia"
2020-08-09,Residents.Tadmin,471900,20,"Alabama, Arizona, Arkansas, California, Delaware
 Georgia, Hawaii, Idaho, Illinois, Iowa
 Kentucky, Louisiana, Maine, Massachusetts, Michigan
 Mississippi, Missouri, Montana, Nebraska, Nevada
 New Hampshire, New York, Ohio, Pennsylvania, Rhode Island
 South Carolina, South Dakota, Virginia, Wisconsin, Wyoming
 Federal, ICE, District of Columbia"
2020-08-16,Residents.Tadmin,448587,22,"Alabama, Arizona, Arkansas, California, Florida
 Georgia, Hawaii, Idaho, Illinois, Kentucky
 Louisiana, Maine, Massachusetts, Michigan, Mississippi
 Missouri, Montana, Nebraska, Nevada, New Hampshire
 New York, Ohio, Rhode Island, South Carolina, South Dakota
 Virginia, Wisconsin, Wyoming, Federal, ICE
 District of Columbia"
2020-08-23,Residents.Tadmin,491304,23,"Alabama, Arizona, Arkansas, California, Florida
 Georgia, Hawaii, Idaho, Illinois, Kentucky
 Louisiana, Maine, Michigan, Mississippi, Missouri
 Montana, Nebraska, Nevada, New Hampshire, New York
 Ohio, Rhode Island, South Carolina, South Dakota, Virginia
 Wisconsin, Wyoming, Federal, ICE, District of Columbia"
2020-08-30,Residents.Tadmin,559256,23,"Alabama, Arizona, Arkansas, California, Delaware
 Georgia, Hawaii, Idaho, Illinois, Kansas
 Kentucky, Louisiana, Maine, Michigan, Mississippi
 Missouri, Montana, Nebraska, Nevada, New Hampshire
 New Jersey, New York, Ohio, Rhode Island, South Carolina
 South Dakota, Virginia, Federal, ICE, District of Columbia"
2020-09-06,Residents.Tadmin,586894,24,"Alabama, Arizona, Arkansas, California, Delaware
 Georgia, Hawaii, Idaho, Illinois, Kentucky
 Louisiana, Maine, Michigan, Mississippi, Missouri
 Montana, Nebraska, Nevada, New Hampshire, New Jersey
 New York, Ohio, Rhode Island, South Carolina, South Dakota
 Virginia, Federal, ICE, District of Columbia"
2020-09-13,Residents.Tadmin,646137,26,"Alabama, Arizona, Arkansas, California, Georgia
 Hawaii, Idaho, Illinois, Kentucky, Louisiana
 Maine, Michigan, Mississippi, Missouri, Montana
 Nebraska, Nevada, New Hampshire, New Jersey, New York
 Ohio, Rhode Island, South Carolina, South Dakota, Federal
 ICE, District of Columbia"
2020-09-20,Residents.Tadmin,778789,28,"Alabama, Arizona, Arkansas, California, Delaware
 Georgia, Idaho, Illinois, Kentucky, Louisiana
 Maine, Mississippi, Missouri, Montana, Nebraska
 Nevada, New Hampshire, New York, Ohio, Rhode Island
 South Carolina, South Dakota, Federal, ICE, District of Columbia"
2020-09-27,Residents.Tadmin,721450,27,"Alabama, Arizona, Arkansas, California, Georgia
 Idaho, Illinois, Kansas, Kentucky, Louisiana
 Maine, Mississippi, Missouri, Montana, Nebraska
 Nevada, New Hampshire, New Jersey, New York, Ohio
 Rhode Island, South Carolina, South Dakota, Federal, ICE
 District of Columbia"
2020-10-04,Residents.Tadmin,899304,28,"Alabama, Arizona, Arkansas, California, Delaware
 Georgia, Idaho, Illinois, Kansas, Kentucky
 Louisiana, Maine, Mississippi, Missouri, Montana
 Nevada, New Hampshire, New York, Ohio, Oregon
 Rhode Island, South Carolina, Federal, ICE, District of Columbia"
2020-10-11,Residents.Tadmin,838618,26,"Alabama, Arizona, Arkansas, California, Connecticut
 Delaware, Georgia, Idaho, Illinois, Kansas
 Kentucky, Louisiana, Maine, Mississippi, Missouri
 Montana, Nebraska, Nevada, New Hampshire, New Jersey
 New York, Ohio, Rhode Island, South Carolina, Federal
 ICE, District of Columbia"
2020-10-18,Residents.Tadmin,1091882,34,"Arizona, Arkansas, California, Delaware, Georgia
 Illinois, Kansas, Kentucky, Maine, Mississippi
 Montana, Nevada, New York, Ohio, Rhode Island
 South Carolina, Federal, ICE, District of Columbia"
2020-10-25,Residents.Tadmin,1068943,33,"Arizona, Arkansas, California, Georgia, Illinois
 Kansas, Kentucky, Maine, Mississippi, Montana
 Nevada, New Jersey, New York, Ohio, Rhode Island
 South Carolina, South Dakota, Federal, ICE, District of Columbia"
2020-11-01,Residents.Tadmin,1254753,35,"Arizona, Arkansas, California, Georgia, Illinois
 Kansas, Kentucky, Maine, Mississippi, Montana
 Nevada, New York, Ohio, Rhode Island, South Carolina
 Federal, ICE, District of Columbia"
2020-11-08,Residents.Tadmin,1180105,34,"Alabama, Arizona, Arkansas, California, Georgia
 Illinois, Kansas, Kentucky, Montana, Nevada
 New Jersey, New York, Ohio, Rhode Island, South Carolina
 Virginia, Federal, ICE, District of Columbia"
2020-11-15,Residents.Tadmin,1427320,37,"Arizona, Arkansas, California, Georgia, Illinois
 Kansas, Kentucky, Missouri, Montana, Nevada
 Rhode Island, South Carolina, Virginia, Federal, ICE
 District of Columbia"
2020-11-22,Residents.Tadmin,1443413,37,"Arizona, California, Delaware, Georgia, Illinois
 Kansas, Kentucky, Missouri, Montana, Nevada
 New Jersey, Rhode Island, South Carolina, Federal, ICE
 District of Columbia"
2020-11-29,Residents.Tadmin,1768398,41,"Arizona, Arkansas, California, Georgia, Kansas
 Kentucky, Montana, Nevada, Rhode Island, Federal
 ICE, District of Columbia"
2020-12-06,Residents.Tadmin,1682065,38,"Arizona, Arkansas, California, Delaware, Georgia
 Kansas, Kentucky, Montana, Nevada, New Jersey
 Rhode Island, South Carolina, Federal, ICE, District of Columbia"
2020-12-13,Residents.Tadmin,1903721,38,"Arizona, Arkansas, California, Connecticut, Delaware
 Georgia, Kansas, Kentucky, Montana, Nevada
 Rhode Island, South Carolina, Federal, ICE, District of Columbia"
2020-12-20,Residents.Tadmin,1790353,37,"Arizona, Arkansas, California, Delaware, Florida
 Georgia, Kansas, Kentucky, Montana, Nevada
 New Jersey, Rhode Island, South Carolina, Federal, ICE
 District of Columbia"
2020-12-27,Residents.Tadmin,1960202,36,"Arizona, Arkansas, California, Connecticut, Delaware
 Florida, Georgia, Kansas, Kentucky, Montana
 Nevada, Pennsylvania, Rhode Island, South Carolina, Federal
 ICE, District of Columbia"
2021-01-03,Residents.Tadmin,2010566,36,"Alabama, Arizona, Arkansas, California, Delaware
 Florida, Georgia, Kansas, Kentucky, Mississippi
 Montana, Nevada, New Jersey, Rhode Island, Federal
 ICE, District of Columbia"
2021-01-10,Residents.Tadmin,2320699,38,"Arizona, Arkansas, California, Connecticut, Florida
 Georgia, Kansas, Kentucky, Mississippi, Montana
 Nevada, Rhode Island, South Carolina, Federal, District of Columbia"
2021-01-17,Residents.Tadmin,2292456,37,"Arizona, Arkansas, California, Delaware, Florida
 Georgia, Kansas, Kentucky, Mississippi, Montana
 Nevada, New Jersey, Rhode Island, South Carolina, Federal
 District of Columbia"
2021-01-24,Residents.Tadmin,2495172,37,"Arizona, Arkansas, California, Delaware, Florida
 Georgia, Kansas, Kentucky, Montana, Nevada
 Rhode Island, South Carolina, Virginia, Washington, Federal
 District of Columbia"
2021-01-31,Residents.Tadmin,2442884,36,"Arizona, Arkansas, California, Delaware, Florida
 Georgia, Kansas, Kentucky, Montana, Nevada
 New Jersey, Pennsylvania, Rhode Island, South Carolina, Washington
 Federal, District of Columbia"
2021-02-07,Residents.Tadmin,2694094,36,"Arizona, Arkansas, California, Connecticut, Delaware
 Florida, Georgia, Kansas, Kentucky, Montana
 Nevada, Pennsylvania, Rhode Island, South Carolina, Washington
 Federal, District of Columbia"
2021-02-14,Residents.Tadmin,2604190,35,"Arizona, Arkansas, California, Delaware, Florida
 Georgia, Kansas, Kentucky, Mississippi, Montana
 Nevada, New Jersey, Pennsylvania, Rhode Island, South Carolina
 Washington, Federal, District of Columbia"
2021-02-21,Residents.Tadmin,2918290,37,"Arizona, Arkansas, California, Delaware, Florida
 Georgia, Kansas, Kentucky, Montana, Nevada
 Pennsylvania, Rhode Island, South Carolina, Washington, Federal
 District of Columbia"
2021-02-28,Residents.Tadmin,2800607,37,"Arizona, Arkansas, California, Florida, Georgia
 Kansas, Kentucky, Montana, Nevada, New Jersey
 Pennsylvania, Rhode Island, South Carolina, Washington, Federal
 District of Columbia"
2021-03-07,Residents.Tadmin,3164566,37,"Arizona, Arkansas, California, Delaware, Florida
 Georgia, Kansas, Kentucky, Montana, Nevada
 Pennsylvania, Rhode Island, South Carolina, Washington, Federal
 District of Columbia"
2021-03-14,Residents.Tadmin,3028365,35,"Arizona, Arkansas, California, Delaware, Florida
 Georgia, Kansas, Kentucky, Mississippi, Montana
 Nevada, New Jersey, Pennsylvania, Rhode Island, South Carolina
 Washington, Federal, District of Columbia"
2021-03-21,Residents.Tadmin,3412386,38,"Arizona, Arkansas, California, Delaware, Florida
 Georgia, Kansas, Kentucky, Montana, Nevada
 Pennsylvania, Rhode Island, Washington, Federal, District of Columbia"
2021-03-28,Residents.Tadmin,3149488,36,"Arizona, Arkansas, California, Florida, Georgia
 Kansas, Kentucky, Montana, Nevada, New Jersey
 Pennsylvania, Rhode Island, South Carolina, Virginia, Washington
 Federal, District of Columbia"
2021-04-04,Residents.Tadmin,3594919,37,"Arizona, Arkansas, California, Florida, Georgia
 Kansas, Kentucky, Mississippi, Montana, Nevada
 Pennsylvania, Rhode Island, South Carolina, Washington, Federal
 District of Columbia"
2021-04-11,Residents.Tadmin,3541930,37,"Arizona, Arkansas, California, Florida, Georgia
 Kansas, Kentucky, Mississippi, Montana, Nevada
 New Jersey, Rhode Island, South Carolina, Washington, Federal
 District of Columbia"
2021-04-18,Residents.Tadmin,3899159,38,"Arizona, Arkansas, California, Delaware, Florida
 Georgia, Kansas, Kentucky, Montana, Nevada
 Rhode Island, South Carolina, Washington, Federal, District of Columbia"
2021-04-25,Residents.Tadmin,3650786,37,"Arizona, Arkansas, California, Delaware, Florida
 Georgia, Kansas, Kentucky, Montana, Nevada
 New Jersey, Rhode Island, Virginia, Washington, Federal
 District of Columbia"
2021-05-02,Residents.Tadmin,4113842,38,"Arizona, Arkansas, California, Florida, Georgia
 Kansas, Kentucky, Mississippi, Montana, Nevada
 Rhode Island, South Carolina, Washington, Federal, District of Columbia"
2021-05-09,Residents.Tadmin,3962201,38,"Arizona, Arkansas, California, Delaware, Florida
 Georgia, Kansas, Kentucky, Montana, Nevada
 New Jersey, Rhode Island, Washington, Federal, District of Columbia"
2021-05-16,Residents.Tadmin,4377891,40,"Arizona, Arkansas, California, Florida, Georgia
 Kansas, Kentucky, Montana, Nevada, Rhode Island
 Washington, Federal, District of Columbia"
2021-05-23,Residents.Tadmin,4154247,37,"Arizona, Arkansas, California, Delaware, Florida
 Georgia, Kansas, Kentucky, Mississippi, Montana
 Nevada, New Jersey, Rhode Island, Washington, Federal
 District of Columbia"
2021-05-30,Residents.Tadmin,4555768,39,"Arizona, Arkansas, California, Delaware, Florida
 Georgia, Kansas, Kentucky, Montana, Nevada
 Rhode Island, Washington, Federal, District of Columbia"
2021-06-06,Residents.Tadmin,4358454,39,"Arizona, Arkansas, California, Florida, Georgia
 Kansas, Kentucky, Montana, Nevada, New Jersey
 Rhode Island, Washington, Federal, District of Columbia"
2021-06-13,Residents.Tadmin,4686900,38,"Arizona, Arkansas, California, Delaware, Florida
 Georgia, Kansas, Kentucky, Montana, Nevada
 Rhode Island, Washington, Wyoming, Federal, District of Columbia"
2021-06-20,Residents.Tadmin,6058714,38,"Arizona, Arkansas, Florida, Georgia, Kansas
 Kentucky, Mississippi, Montana, Nevada, New Jersey
 Rhode Island, Washington, Wyoming, Federal, District of Columbia"
2021-06-27,Residents.Tadmin,4680384,30,"Alabama, Arizona, Arkansas, Connecticut, Delaware
 Florida, Georgia, Kansas, Kentucky, Maryland
 Michigan, Mississippi, Montana, Nevada, New Jersey
 Rhode Island, South Carolina, Vermont, Virginia, Washington
 Wyoming, Federal, District of Columbia"
2021-07-04,Residents.Tadmin,4744248,30,"Alabama, Arizona, Arkansas, Connecticut, Delaware
 Florida, Georgia, Kansas, Kentucky, Maryland
 Michigan, Mississippi, Montana, Nevada, New Jersey
 Rhode Island, South Carolina, Vermont, Virginia, Washington
 Wyoming, Federal, District of Columbia"
2021-07-11,Residents.Tadmin,4774712,29,"Alabama, Arizona, Arkansas, Connecticut, Delaware
 Florida, Georgia, Kansas, Kentucky, Louisiana
 Maryland, Michigan, Mississippi, Montana, Nevada
 New Jersey, Rhode Island, South Carolina, Vermont, Virginia
 Washington, Wyoming, Federal, District of Columbia"
2021-07-18,Residents.Tadmin,4857271,30,"Alabama, Arizona, Arkansas, Connecticut, Delaware
 Florida, Georgia, Kansas, Kentucky, Louisiana
 Maryland, Michigan, Mississippi, Montana, Nevada
 New Jersey, Rhode Island, South Carolina, Virginia, Washington
 Wyoming, Federal, District of Columbia"
2021-07-25,Residents.Tadmin,4929596,30,"Alabama, Arizona, Arkansas, Connecticut, Delaware
 Florida, Georgia, Kansas, Kentucky, Louisiana
 Maryland, Michigan, Mississippi, Montana, Nevada
 New Jersey, Rhode Island, South Carolina, Virginia, Washington
 Wyoming, Federal, District of Columbia"
2021-08-01,Residents.Tadmin,5004173,30,"Alabama, Arizona, Arkansas, Connecticut, Delaware
 Florida, Georgia, Kansas, Kentucky, Louisiana
 Maryland, Michigan, Mississippi, Montana, Nevada
 New Jersey, Rhode Island, South Carolina, Virginia, Washington
 Wyoming, Federal, District of Columbia"
2021-08-08,Residents.Tadmin,5086808,30,"Alabama, Arizona, Arkansas, Connecticut, Delaware
 Florida, Georgia, Kansas, Kentucky, Louisiana
 Maryland, Michigan, Mississippi, Montana, Nevada
 New Jersey, Rhode Island, South Carolina, Virginia, Washington
 Wyoming, Federal, District of Columbia"
2021-08-15,Residents.Tadmin,5184073,30,"Alabama, Arizona, Arkansas, Connecticut, Delaware
 Florida, Georgia, Kansas, Kentucky, Louisiana
 Maryland, Michigan, Mississippi, Montana, Nevada
 New Jersey, Rhode Island, South Carolina, Virginia, Washington
 Wyoming, Federal, District of Columbia"
2021-08-22,Residents.Tadmin,5269673,30,"Alabama, Arizona, Arkansas, Connecticut, Delaware
 Florida, Georgia, Kansas, Kentucky, Louisiana
 Maryland, Michigan, Mississippi, Montana, Nevada
 New Jersey, Rhode Island, South Carolina, Virginia, Washington
 Wyoming, Federal, District of Columbia"
2021-08-29,Residents.Tadmin,5367591,30,"Alabama, Arizona, Arkansas, Connecticut, Delaware
 Florida, Georgia, Kansas, Kentucky, Louisiana
 Maryland, Michigan, Mississippi, Montana, Nevada
 New Jersey, Rhode Island, South Carolina, Virginia, Washington
 Wyoming, Federal, District of Columbia"
2021-09-05,Residents.Tadmin,5442934,30,"Alabama, Arizona, Arkansas, Connecticut, Delaware
 Florida, Georgia, Kansas, Kentucky, Louisiana
 Maryland, Michigan, Mississippi, Montana, Nevada
 New Jersey, Rhode Island, South Carolina, Virginia, Washington
 Wyoming, Federal, District of Columbia"
2021-09-12,Residents.Tadmin,198110391,31,"Alabama, Arizona, Arkansas, Connecticut, Florida
 Georgia, Kansas, Kentucky, Louisiana, Maryland
 Michigan, Mississippi, Montana, Nevada, New Jersey
 Rhode Island, South Carolina, Virginia, Washington, Wyoming
 Federal, District of Columbia"
2021-01-24,Residents.Initiated,15919,2,"Alabama, Alaska, Arizona, Arkansas, Colorado
 Connecticut, Delaware, Florida, Georgia, Hawaii
 Idaho, Illinois, Indiana, Iowa, Kansas
 Kentucky, Louisiana, Maine, Maryland, Massachusetts
 Michigan, Minnesota, Mississippi, Missouri, Montana
 Nebraska, Nevada, New Hampshire, New Jersey, New Mexico
 New York, North Carolina, North Dakota, Ohio, Oklahoma
 Oregon, Pennsylvania, Rhode Island, South Carolina, South Dakota
 Tennessee, Texas, Utah, Vermont, Washington
 West Virginia, Wisconsin, Wyoming, Federal, ICE
 District of Columbia"
2021-01-31,Residents.Initiated,37082,5,"Alabama, Alaska, Arizona, Arkansas, Colorado
 Connecticut, Delaware, Florida, Georgia, Hawaii
 Idaho, Illinois, Indiana, Iowa, Kansas
 Kentucky, Louisiana, Maine, Maryland, Michigan
 Minnesota, Mississippi, Missouri, Montana, Nebraska
 Nevada, New Hampshire, New Jersey, New Mexico, New York
 North Dakota, Ohio, Oklahoma, Oregon, Pennsylvania
 Rhode Island, South Carolina, South Dakota, Tennessee, Texas
 Utah, Vermont, Washington, West Virginia, Wisconsin
 Wyoming, ICE, District of Columbia"
2021-02-07,Residents.Initiated,51191,5,"Alabama, Alaska, Arizona, Arkansas, Connecticut
 Delaware, Florida, Georgia, Hawaii, Idaho
 Illinois, Indiana, Iowa, Kansas, Kentucky
 Louisiana, Maine, Maryland, Michigan, Minnesota
 Mississippi, Missouri, Montana, Nebraska, Nevada
 New Hampshire, New Jersey, New Mexico, New York, North Carolina
 North Dakota, Ohio, Oklahoma, Oregon, Pennsylvania
 Rhode Island, South Carolina, South Dakota, Tennessee, Texas
 Utah, Vermont, Washington, West Virginia, Wisconsin
 Wyoming, ICE, District of Columbia"
2021-02-14,Residents.Initiated,65451,8,"Alabama, Alaska, Arizona, Arkansas, Connecticut
 Delaware, Florida, Georgia, Hawaii, Idaho
 Illinois, Indiana, Iowa, Kansas, Kentucky
 Louisiana, Maine, Maryland, Michigan, Mississippi
 Missouri, Montana, Nebraska, Nevada, New Hampshire
 New Jersey, New Mexico, New York, North Dakota, Oklahoma
 Oregon, Pennsylvania, Rhode Island, South Carolina, South Dakota
 Tennessee, Texas, Utah, Vermont, Washington
 West Virginia, Wisconsin, Wyoming, ICE, District of Columbia"
2021-02-21,Residents.Initiated,72654,9,"Alabama, Alaska, Arizona, Arkansas, Delaware
 Florida, Georgia, Hawaii, Idaho, Illinois
 Indiana, Iowa, Kansas, Kentucky, Louisiana
 Maine, Maryland, Michigan, Mississippi, Missouri
 Montana, Nebraska, Nevada, New Hampshire, New Jersey
 New Mexico, New York, North Dakota, Oklahoma, Oregon
 Pennsylvania, Rhode Island, South Carolina, South Dakota, Tennessee
 Texas, Utah, Vermont, Washington, West Virginia
 Wisconsin, Wyoming, ICE, District of Columbia"
2021-02-28,Residents.Initiated,80216,10,"Alabama, Alaska, Arizona, Arkansas, Delaware
 Florida, Georgia, Hawaii, Illinois, Indiana
 Iowa, Kansas, Kentucky, Louisiana, Maine
 Maryland, Michigan, Mississippi, Missouri, Montana
 Nebraska, Nevada, New Hampshire, New Jersey, New Mexico
 New York, North Dakota, Oklahoma, Oregon, Pennsylvania
 Rhode Island, South Carolina, South Dakota, Tennessee, Texas
 Utah, Vermont, Washington, West Virginia, Wisconsin
 Wyoming, ICE, District of Columbia"
2021-03-07,Residents.Initiated,88746,13,"Alabama, Arizona, Arkansas, Florida, Georgia
 Hawaii, Illinois, Indiana, Iowa, Kansas
 Kentucky, Louisiana, Maine, Maryland, Michigan
 Mississippi, Missouri, Montana, Nebraska, Nevada
 New Jersey, New Mexico, New York, North Dakota, Oklahoma
 Oregon, Pennsylvania, Rhode Island, South Carolina, South Dakota
 Tennessee, Texas, Utah, Vermont, Washington
 West Virginia, Wisconsin, Wyoming, ICE, District of Columbia"
2021-03-14,Residents.Initiated,107047,16,"Alabama, Arizona, Arkansas, Florida, Georgia
 Hawaii, Illinois, Indiana, Iowa, Kentucky
 Louisiana, Maine, Michigan, Mississippi, Missouri
 Montana, Nebraska, Nevada, New Jersey, New Mexico
 New York, Oklahoma, Oregon, Pennsylvania, Rhode Island
 South Carolina, South Dakota, Tennessee, Texas, Utah
 Vermont, Washington, West Virginia, Wisconsin, Wyoming
 ICE, District of Columbia"
2021-03-21,Residents.Initiated,121742,16,"Alabama, Arizona, Arkansas, Florida, Georgia
 Hawaii, Illinois, Indiana, Iowa, Kentucky
 Louisiana, Maine, Michigan, Mississippi, Missouri
 Montana, Nebraska, Nevada, New Jersey, New Mexico
 New York, Oklahoma, Oregon, Pennsylvania, Rhode Island
 South Carolina, South Dakota, Tennessee, Texas, Utah
 Vermont, Washington, West Virginia, Wisconsin, Wyoming
 ICE, District of Columbia"
2021-03-28,Residents.Initiated,140305,17,"Alabama, Arizona, Arkansas, Florida, Georgia
 Hawaii, Illinois, Indiana, Iowa, Kentucky
 Louisiana, Maine, Michigan, Mississippi, Missouri
 Montana, Nebraska, Nevada, New Jersey, New Mexico
 New York, Oklahoma, Oregon, Pennsylvania, Rhode Island
 South Carolina, South Dakota, Tennessee, Texas, Utah
 Vermont, Washington, West Virginia, Wyoming, ICE
 District of Columbia"
2021-04-04,Residents.Initiated,145635,19,"Arizona, Arkansas, Florida, Georgia, Hawaii
 Illinois, Indiana, Iowa, Kentucky, Louisiana
 Maine, Michigan, Mississippi, Missouri, Montana
 Nebraska, Nevada, New Jersey, New Mexico, New York
 Oklahoma, Oregon, Pennsylvania, Rhode Island, South Carolina
 South Dakota, Tennessee, Texas, Utah, Vermont
 Washington, Wyoming, ICE, District of Columbia"
2021-04-11,Residents.Initiated,231013,21,"Arizona, Arkansas, Florida, Georgia, Hawaii
 Illinois, Indiana, Iowa, Kentucky, Louisiana
 Maine, Michigan, Mississippi, Missouri, Montana
 Nebraska, Nevada, New Jersey, New Mexico, New York
 Oklahoma, Oregon, Rhode Island, South Carolina, South Dakota
 Tennessee, Texas, Utah, Vermont, Wyoming
 ICE, District of Columbia"
2021-04-18,Residents.Initiated,253903,23,"Arizona, Arkansas, Florida, Hawaii, Illinois
 Indiana, Iowa, Kentucky, Louisiana, Maine
 Michigan, Mississippi, Montana, Nebraska, Nevada
 New Jersey, New Mexico, New York, Oklahoma, Oregon
 Rhode Island, South Carolina, South Dakota, Tennessee, Texas
 Utah, Vermont, Wyoming, ICE, District of Columbia"
2021-04-25,Residents.Initiated,277597,23,"Arizona, Arkansas, Florida, Hawaii, Illinois
 Indiana, Iowa, Kentucky, Louisiana, Maine
 Michigan, Mississippi, Montana, Nebraska, Nevada
 New Jersey, New Mexico, New York, Oklahoma, Oregon
 Rhode Island, South Carolina, South Dakota, Tennessee, Texas
 Utah, Vermont, Wyoming, ICE, District of Columbia"
2021-05-02,Residents.Initiated,310130,25,"Arizona, Arkansas, Florida, Hawaii, Illinois
 Indiana, Iowa, Kentucky, Louisiana, Michigan
 Mississippi, Montana, Nebraska, Nevada, New Mexico
 New York, Oklahoma, Oregon, Rhode Island, South Carolina
 South Dakota, Tennessee, Texas, Utah, Vermont
 Wyoming, ICE, District of Columbia"
2021-05-09,Residents.Initiated,348633,26,"Arizona, Arkansas, Florida, Hawaii, Illinois
 Indiana, Iowa, Kentucky, Louisiana, Mississippi
 Montana, Nebraska, Nevada, New Mexico, New York
 Oklahoma, Oregon, Rhode Island, South Carolina, South Dakota
 Tennessee, Texas, Utah, Vermont, Wyoming
 ICE, District of Columbia"
2021-05-16,Residents.Initiated,367089,26,"Arizona, Arkansas, Delaware, Florida, Hawaii
 Illinois, Indiana, Iowa, Kentucky, Louisiana
 Mississippi, Montana, Nebraska, Nevada, New Mexico
 New York, Oklahoma, Oregon, Rhode Island, South Dakota
 Tennessee, Texas, Utah, Vermont, Wyoming
 ICE, District of Columbia"
2021-05-23,Residents.Initiated,376553,27,"Arizona, Arkansas, Florida, Hawaii, Illinois
 Indiana, Iowa, Kentucky, Louisiana, Mississippi
 Montana, Nebraska, Nevada, New Mexico, New York
 Oklahoma, Oregon, Rhode Island, South Dakota, Tennessee
 Texas, Utah, Vermont, Wyoming, ICE
 District of Columbia"
2021-05-30,Residents.Initiated,392321,26,"Arizona, Arkansas, Delaware, Florida, Hawaii
 Illinois, Indiana, Iowa, Kentucky, Louisiana
 Mississippi, Montana, Nebraska, Nevada, New Mexico
 New York, Oklahoma, Oregon, Rhode Island, South Dakota
 Tennessee, Texas, Utah, Vermont, Wyoming
 ICE, District of Columbia"
2021-06-06,Residents.Initiated,400391,26,"Arizona, Arkansas, Delaware, Florida, Hawaii
 Illinois, Indiana, Iowa, Kentucky, Louisiana
 Mississippi, Montana, Nebraska, Nevada, New Mexico
 New York, Oklahoma, Oregon, Rhode Island, South Dakota
 Tennessee, Texas, Utah, Vermont, Wyoming
 ICE, District of Columbia"
2021-06-13,Residents.Initiated,412181,27,"Arizona, Arkansas, Florida, Hawaii, Illinois
 Indiana, Iowa, Kentucky, Louisiana, Mississippi
 Montana, Nebraska, Nevada, New Mexico, New York
 Oklahoma, Oregon, Rhode Island, South Dakota, Tennessee
 Texas, Utah, Vermont, Wyoming, ICE
 District of Columbia"
2021-06-20,Residents.Initiated,442697,28,"Arkansas, Florida, Hawaii, Illinois, Indiana
 Iowa, Kentucky, Louisiana, Mississippi, Montana
 Nebraska, Nevada, New Mexico, New York, Oklahoma
 Oregon, Rhode Island, South Dakota, Tennessee, Texas
 Utah, Vermont, Wyoming, ICE, District of Columbia"
2021-06-27,Residents.Initiated,446153,28,"Arkansas, Florida, Hawaii, Illinois, Indiana
 Iowa, Kentucky, Louisiana, Mississippi, Montana
 Nebraska, Nevada, New Mexico, New York, Oklahoma
 Oregon, Rhode Island, South Dakota, Tennessee, Texas
 Utah, Vermont, Wyoming, ICE, District of Columbia"
2021-07-04,Residents.Initiated,449857,28,"Arkansas, Florida, Hawaii, Illinois, Indiana
 Iowa, Kentucky, Louisiana, Mississippi, Montana
 Nebraska, Nevada, New Mexico, New York, Oklahoma
 Oregon, Rhode Island, South Dakota, Tennessee, Texas
 Utah, Vermont, Wyoming, ICE, District of Columbia"
2021-07-11,Residents.Initiated,451875,28,"Arkansas, Florida, Hawaii, Illinois, Indiana
 Iowa, Kentucky, Louisiana, Mississippi, Montana
 Nebraska, Nevada, New Mexico, New York, Oklahoma
 Oregon, Rhode Island, South Dakota, Tennessee, Texas
 Utah, Vermont, Wyoming, ICE, District of Columbia"
2021-07-18,Residents.Initiated,428024,27,"Arkansas, Florida, Georgia, Hawaii, Illinois
 Indiana, Iowa, Kentucky, Louisiana, Mississippi
 Montana, Nebraska, Nevada, New Mexico, New York
 Oklahoma, Oregon, Rhode Island, South Dakota, Tennessee
 Texas, Utah, Vermont, Wyoming, ICE
 District of Columbia"
2021-07-25,Residents.Initiated,430677,27,"Arkansas, Florida, Georgia, Hawaii, Illinois
 Indiana, Iowa, Kentucky, Louisiana, Mississippi
 Montana, Nebraska, Nevada, New Mexico, New York
 Oklahoma, Oregon, Rhode Island, South Dakota, Tennessee
 Texas, Utah, Vermont, Wyoming, ICE
 District of Columbia"
2021-08-01,Residents.Initiated,434627,27,"Arkansas, Florida, Georgia, Hawaii, Illinois
 Indiana, Iowa, Kentucky, Louisiana, Mississippi
 Montana, Nebraska, Nevada, New Mexico, New York
 Oklahoma, Oregon, Rhode Island, South Dakota, Tennessee
 Texas, Utah, Vermont, Wyoming, ICE
 District of Columbia"
2021-08-08,Residents.Initiated,442111,27,"Arkansas, Florida, Georgia, Hawaii, Illinois
 Indiana, Iowa, Kentucky, Louisiana, Mississippi
 Montana, Nebraska, Nevada, New Mexico, New York
 Oklahoma, Oregon, Rhode Island, South Dakota, Tennessee
 Texas, Utah, Vermont, Wyoming, ICE
 District of Columbia"
2021-08-15,Residents.Initiated,446263,27,"Arkansas, Florida, Georgia, Hawaii, Illinois
 Indiana, Iowa, Kentucky, Louisiana, Mississippi
 Montana, Nebraska, Nevada, New Mexico, New York
 Oklahoma, Oregon, Rhode Island, South Dakota, Tennessee
 Texas, Utah, Vermont, Wyoming, ICE
 District of Columbia"
2021-08-22,Residents.Initiated,450660,27,"Arkansas, Florida, Georgia, Hawaii, Illinois
 Indiana, Iowa, Kentucky, Louisiana, Mississippi
 Montana, Nebraska, Nevada, New Mexico, New York
 Oklahoma, Oregon, Rhode Island, South Dakota, Tennessee
 Texas, Utah, Vermont, Wyoming, ICE
 District of Columbia"
2021-08-29,Residents.Initiated,456006,27,"Arkansas, Florida, Georgia, Hawaii, Illinois
 Indiana, Iowa, Kentucky, Louisiana, Mississippi
 Montana, Nebraska, Nevada, New Mexico, New York
 Oklahoma, Oregon, Rhode Island, South Dakota, Tennessee
 Texas, Utah, Vermont, Wyoming, ICE
 District of Columbia"
2021-09-05,Residents.Initiated,459579,27,"Arkansas, Florida, Georgia, Hawaii, Illinois
 Indiana, Iowa, Kentucky, Louisiana, Mississippi
 Montana, Nebraska, Nevada, New Mexico, New York
 Oklahoma, Oregon, Rhode Island, South Dakota, Tennessee
 Texas, Utah, Vermont, Wyoming, ICE
 District of Columbia"
2021-09-12,Residents.Initiated,461209,27,"Arkansas, Florida, Georgia, Hawaii, Illinois
 Indiana, Iowa, Kentucky, Louisiana, Mississippi
 Montana, Nebraska, Nevada, New Mexico, New York
 Oklahoma, Oregon, Rhode Island, South Dakota, Tennessee
 Texas, Utah, Vermont, Wyoming, ICE
 District of Columbia"
2021-01-24,Staff.Initiated,25823,2,"Alabama, Alaska, Arizona, Arkansas, Colorado
 Connecticut, Delaware, Florida, Georgia, Hawaii
 Idaho, Illinois, Indiana, Iowa, Kansas
 Kentucky, Louisiana, Maine, Maryland, Massachusetts
 Michigan, Minnesota, Mississippi, Missouri, Montana
 Nebraska, Nevada, New Hampshire, New Jersey, New Mexico
 New York, North Carolina, North Dakota, Ohio, Oklahoma
 Oregon, Pennsylvania, Rhode Island, South Carolina, South Dakota
 Tennessee, Texas, Utah, Vermont, Washington
 West Virginia, Wisconsin, Wyoming, Federal, ICE
 District of Columbia"
2021-01-31,Staff.Initiated,40930,5,"Alabama, Alaska, Arizona, Arkansas, Colorado
 Connecticut, Delaware, Florida, Georgia, Hawaii
 Idaho, Illinois, Indiana, Iowa, Kansas
 Kentucky, Louisiana, Maine, Maryland, Michigan
 Minnesota, Mississippi, Missouri, Montana, Nebraska
 Nevada, New Hampshire, New Jersey, New Mexico, New York
 North Dakota, Ohio, Oklahoma, Oregon, Pennsylvania
 Rhode Island, South Carolina, South Dakota, Tennessee, Texas
 Utah, Vermont, Washington, West Virginia, Wisconsin
 Wyoming, ICE, District of Columbia"
2021-02-07,Staff.Initiated,43233,5,"Alabama, Alaska, Arizona, Arkansas, Connecticut
 Delaware, Florida, Georgia, Hawaii, Idaho
 Illinois, Indiana, Iowa, Kansas, Kentucky
 Louisiana, Maine, Maryland, Michigan, Minnesota
 Mississippi, Missouri, Montana, Nebraska, Nevada
 New Hampshire, New Jersey, New Mexico, New York, North Carolina
 North Dakota, Ohio, Oklahoma, Oregon, Pennsylvania
 Rhode Island, South Carolina, South Dakota, Tennessee, Texas
 Utah, Vermont, Washington, West Virginia, Wisconsin
 Wyoming, ICE, District of Columbia"
2021-02-14,Staff.Initiated,52674,8,"Alabama, Alaska, Arizona, Arkansas, Connecticut
 Delaware, Florida, Georgia, Hawaii, Idaho
 Illinois, Indiana, Iowa, Kansas, Kentucky
 Louisiana, Maine, Maryland, Michigan, Mississippi
 Missouri, Montana, Nebraska, Nevada, New Hampshire
 New Jersey, New Mexico, New York, North Dakota, Oklahoma
 Oregon, Pennsylvania, Rhode Island, South Carolina, South Dakota
 Tennessee, Texas, Utah, Vermont, Washington
 West Virginia, Wisconsin, Wyoming, ICE, District of Columbia"
2021-02-21,Staff.Initiated,57189,9,"Alabama, Alaska, Arizona, Arkansas, Delaware
 Florida, Georgia, Hawaii, Idaho, Illinois
 Indiana, Iowa, Kansas, Kentucky, Louisiana
 Maine, Maryland, Michigan, Mississippi, Missouri
 Montana, Nebraska, Nevada, New Hampshire, New Jersey
 New Mexico, New York, North Dakota, Oklahoma, Oregon
 Pennsylvania, Rhode Island, South Carolina, South Dakota, Tennessee
 Texas, Utah, Vermont, Washington, West Virginia
 Wisconsin, Wyoming, ICE, District of Columbia"
2021-02-28,Staff.Initiated,61040,9,"Alabama, Alaska, Arizona, Arkansas, Delaware
 Florida, Georgia, Hawaii, Idaho, Illinois
 Indiana, Iowa, Kansas, Kentucky, Louisiana
 Maine, Maryland, Michigan, Mississippi, Missouri
 Montana, Nebraska, Nevada, New Hampshire, New Jersey
 New Mexico, New York, North Dakota, Oklahoma, Oregon
 Pennsylvania, Rhode Island, South Carolina, South Dakota, Tennessee
 Texas, Utah, Vermont, Washington, West Virginia
 Wisconsin, Wyoming, ICE, District of Columbia"
2021-03-07,Staff.Initiated,67953,10,"Alabama, Alaska, Arizona, Arkansas, Florida
 Georgia, Hawaii, Idaho, Illinois, Indiana
 Iowa, Kansas, Kentucky, Louisiana, Maine
 Maryland, Michigan, Mississippi, Missouri, Montana
 Nebraska, Nevada, New Hampshire, New Jersey, New Mexico
 New York, North Dakota, Oklahoma, Oregon, Pennsylvania
 Rhode Island, South Carolina, South Dakota, Tennessee, Texas
 Utah, Vermont, Washington, West Virginia, Wisconsin
 Wyoming, ICE, District of Columbia"
2021-03-14,Staff.Initiated,73587,11,"Alabama, Alaska, Arizona, Arkansas, Florida
 Georgia, Hawaii, Idaho, Illinois, Indiana
 Iowa, Kansas, Kentucky, Louisiana, Maine
 Michigan, Mississippi, Missouri, Montana, Nebraska
 Nevada, New Hampshire, New Jersey, New Mexico, New York
 North Dakota, Oklahoma, Oregon, Pennsylvania, Rhode Island
 South Carolina, South Dakota, Tennessee, Texas, Utah
 Vermont, Washington, West Virginia, Wisconsin, Wyoming
 ICE, District of Columbia"
2021-03-21,Staff.Initiated,77344,13,"Alaska, Arizona, Arkansas, Florida, Georgia
 Hawaii, Idaho, Illinois, Indiana, Iowa
 Kentucky, Louisiana, Maine, Michigan, Mississippi
 Missouri, Montana, Nebraska, Nevada, New Hampshire
 New Jersey, New Mexico, New York, North Dakota, Oklahoma
 Oregon, Pennsylvania, Rhode Island, South Carolina, South Dakota
 Tennessee, Texas, Utah, Vermont, Washington
 West Virginia, Wisconsin, Wyoming, ICE, District of Columbia"
2021-03-28,Staff.Initiated,79394,13,"Alaska, Arizona, Arkansas, Florida, Georgia
 Hawaii, Idaho, Illinois, Indiana, Iowa
 Kentucky, Louisiana, Maine, Michigan, Mississippi
 Missouri, Montana, Nebraska, Nevada, New Hampshire
 New Jersey, New Mexico, New York, North Dakota, Oklahoma
 Oregon, Pennsylvania, Rhode Island, South Carolina, South Dakota
 Tennessee, Texas, Utah, Vermont, Washington
 West Virginia, Wisconsin, Wyoming, ICE, District of Columbia"
2021-04-04,Staff.Initiated,58065,14,"Alaska, Arizona, Arkansas, Florida, Georgia
 Hawaii, Idaho, Illinois, Indiana, Iowa
 Kentucky, Louisiana, Maine, Michigan, Mississippi
 Missouri, Montana, Nebraska, Nevada, New Hampshire
 New Jersey, New Mexico, New York, North Dakota, Oklahoma
 Oregon, Pennsylvania, Rhode Island, South Carolina, South Dakota
 Tennessee, Texas, Utah, Vermont, Washington
 Wisconsin, Wyoming, ICE, District of Columbia"
2021-04-11,Staff.Initiated,90964,16,"Alaska, Arizona, Arkansas, Florida, Georgia
 Hawaii, Idaho, Illinois, Indiana, Iowa
 Kentucky, Louisiana, Maine, Michigan, Mississippi
 Missouri, Montana, Nebraska, Nevada, New Hampshire
 New Jersey, New Mexico, New York, North Dakota, Oklahoma
 Oregon, Rhode Island, South Carolina, South Dakota, Tennessee
 Texas, Utah, Vermont, Wisconsin, Wyoming
 ICE, District of Columbia"
2021-04-18,Staff.Initiated,93008,17,"Alaska, Arizona, Arkansas, Florida, Hawaii
 Idaho, Illinois, Indiana, Iowa, Kentucky
 Louisiana, Maine, Michigan, Mississippi, Missouri
 Montana, Nebraska, Nevada, New Hampshire, New Jersey
 New Mexico, New York, North Dakota, Oklahoma, Oregon
 Rhode Island, South Carolina, South Dakota, Tennessee, Texas
 Utah, Vermont, Wisconsin, Wyoming, ICE
 District of Columbia"
2021-04-25,Staff.Initiated,93956,17,"Alaska, Arizona, Arkansas, Florida, Hawaii
 Idaho, Illinois, Indiana, Iowa, Kentucky
 Louisiana, Maine, Michigan, Mississippi, Missouri
 Montana, Nebraska, Nevada, New Hampshire, New Jersey
 New Mexico, New York, North Dakota, Oklahoma, Oregon
 Rhode Island, South Carolina, South Dakota, Tennessee, Texas
 Utah, Vermont, Wisconsin, Wyoming, ICE
 District of Columbia"
2021-05-02,Staff.Initiated,99451,18,"Alaska, Arizona, Arkansas, Florida, Hawaii
 Idaho, Illinois, Indiana, Iowa, Kentucky
 Louisiana, Maine, Michigan, Mississippi, Missouri
 Montana, Nebraska, Nevada, New Hampshire, New Mexico
 New York, North Dakota, Oklahoma, Oregon, Rhode Island
 South Carolina, South Dakota, Tennessee, Texas, Utah
 Vermont, Wisconsin, Wyoming, ICE, District of Columbia"
2021-05-09,Staff.Initiated,103761,18,"Alaska, Arizona, Arkansas, Florida, Hawaii
 Idaho, Illinois, Indiana, Iowa, Kentucky
 Louisiana, Maine, Michigan, Mississippi, Missouri
 Montana, Nebraska, Nevada, New Hampshire, New Mexico
 New York, North Dakota, Oklahoma, Oregon, Rhode Island
 South Carolina, South Dakota, Tennessee, Texas, Utah
 Vermont, Wisconsin, Wyoming, ICE, District of Columbia"
2021-05-16,Staff.Initiated,103516,17,"Alaska, Arizona, Arkansas, Delaware, Florida
 Hawaii, Idaho, Illinois, Indiana, Iowa
 Kentucky, Louisiana, Maine, Michigan, Mississippi
 Missouri, Montana, Nebraska, Nevada, New Hampshire
 New Mexico, New York, North Dakota, Oklahoma, Oregon
 Rhode Island, South Carolina, South Dakota, Tennessee, Texas
 Utah, Vermont, Wisconsin, Wyoming, ICE
 District of Columbia"
2021-05-23,Staff.Initiated,105609,18,"Alaska, Arizona, Arkansas, Florida, Hawaii
 Idaho, Illinois, Indiana, Iowa, Kentucky
 Louisiana, Maine, Michigan, Mississippi, Missouri
 Montana, Nebraska, Nevada, New Hampshire, New Mexico
 New York, North Dakota, Oklahoma, Oregon, Rhode Island
 South Carolina, South Dakota, Tennessee, Texas, Utah
 Vermont, Wisconsin, Wyoming, ICE, District of Columbia"
2021-05-30,Staff.Initiated,106140,17,"Alaska, Arizona, Arkansas, Delaware, Florida
 Hawaii, Idaho, Illinois, Indiana, Iowa
 Kentucky, Louisiana, Maine, Michigan, Mississippi
 Missouri, Montana, Nebraska, Nevada, New Hampshire
 New Mexico, New York, North Dakota, Oklahoma, Oregon
 Rhode Island, South Carolina, South Dakota, Tennessee, Texas
 Utah, Vermont, Wisconsin, Wyoming, ICE
 District of Columbia"
2021-06-06,Staff.Initiated,107696,17,"Alaska, Arizona, Arkansas, Delaware, Florida
 Hawaii, Idaho, Illinois, Indiana, Iowa
 Kentucky, Louisiana, Maine, Michigan, Mississippi
 Missouri, Montana, Nebraska, Nevada, New Hampshire
 New Mexico, New York, North Dakota, Oklahoma, Oregon
 Rhode Island, South Carolina, South Dakota, Tennessee, Texas
 Utah, Vermont, Wisconsin, Wyoming, ICE
 District of Columbia"
2021-06-13,Staff.Initiated,109305,18,"Alaska, Arizona, Arkansas, Florida, Hawaii
 Idaho, Illinois, Indiana, Iowa, Kentucky
 Louisiana, Maine, Michigan, Mississippi, Missouri
 Montana, Nebraska, Nevada, New Hampshire, New Mexico
 New York, North Dakota, Oklahoma, Oregon, Rhode Island
 South Carolina, South Dakota, Tennessee, Texas, Utah
 Vermont, Wisconsin, Wyoming, ICE, District of Columbia"
2021-06-20,Staff.Initiated,109733,18,"Alaska, Arizona, Arkansas, Florida, Hawaii
 Idaho, Illinois, Indiana, Iowa, Kentucky
 Louisiana, Maine, Michigan, Mississippi, Missouri
 Montana, Nebraska, Nevada, New Hampshire, New Mexico
 New York, North Dakota, Oklahoma, Oregon, Rhode Island
 South Carolina, South Dakota, Tennessee, Texas, Utah
 Vermont, Wisconsin, Wyoming, ICE, District of Columbia"
2021-06-27,Staff.Initiated,109932,18,"Alaska, Arizona, Arkansas, Florida, Hawaii
 Idaho, Illinois, Indiana, Iowa, Kentucky
 Louisiana, Maine, Michigan, Mississippi, Missouri
 Montana, Nebraska, Nevada, New Hampshire, New Mexico
 New York, North Dakota, Oklahoma, Oregon, Rhode Island
 South Carolina, South Dakota, Tennessee, Texas, Utah
 Vermont, Wisconsin, Wyoming, ICE, District of Columbia"
2021-07-04,Staff.Initiated,110523,18,"Alaska, Arizona, Arkansas, Florida, Hawaii
 Idaho, Illinois, Indiana, Iowa, Kentucky
 Louisiana, Maine, Michigan, Mississippi, Missouri
 Montana, Nebraska, Nevada, New Hampshire, New Mexico
 New York, North Dakota, Oklahoma, Oregon, Rhode Island
 South Carolina, South Dakota, Tennessee, Texas, Utah
 Vermont, Wisconsin, Wyoming, ICE, District of Columbia"
2021-07-11,Staff.Initiated,110730,18,"Alaska, Arizona, Arkansas, Florida, Hawaii
 Idaho, Illinois, Indiana, Iowa, Kentucky
 Louisiana, Maine, Michigan, Mississippi, Missouri
 Montana, Nebraska, Nevada, New Hampshire, New Mexico
 New York, North Dakota, Oklahoma, Oregon, Rhode Island
 South Carolina, South Dakota, Tennessee, Texas, Utah
 Vermont, Wisconsin, Wyoming, ICE, District of Columbia"
2021-07-18,Staff.Initiated,109378,17,"Alaska, Arizona, Arkansas, Florida, Georgia
 Hawaii, Idaho, Illinois, Indiana, Iowa
 Kentucky, Louisiana, Maine, Michigan, Mississippi
 Missouri, Montana, Nebraska, Nevada, New Hampshire
 New Mexico, New York, North Dakota, Oklahoma, Oregon
 Rhode Island, South Carolina, South Dakota, Tennessee, Texas
 Utah, Vermont, Wisconsin, Wyoming, ICE
 District of Columbia"
2021-07-25,Staff.Initiated,109459,17,"Alaska, Arizona, Arkansas, Florida, Georgia
 Hawaii, Idaho, Illinois, Indiana, Iowa
 Kentucky, Louisiana, Maine, Michigan, Mississippi
 Missouri, Montana, Nebraska, Nevada, New Hampshire
 New Mexico, New York, North Dakota, Oklahoma, Oregon
 Rhode Island, South Carolina, South Dakota, Tennessee, Texas
 Utah, Vermont, Wisconsin, Wyoming, ICE
 District of Columbia"
2021-08-01,Staff.Initiated,109623,17,"Alaska, Arizona, Arkansas, Florida, Georgia
 Hawaii, Idaho, Illinois, Indiana, Iowa
 Kentucky, Louisiana, Maine, Michigan, Mississippi
 Missouri, Montana, Nebraska, Nevada, New Hampshire
 New Mexico, New York, North Dakota, Oklahoma, Oregon
 Rhode Island, South Carolina, South Dakota, Tennessee, Texas
 Utah, Vermont, Wisconsin, Wyoming, ICE
 District of Columbia"
2021-08-08,Staff.Initiated,110119,17,"Alaska, Arizona, Arkansas, Florida, Georgia
 Hawaii, Idaho, Illinois, Indiana, Iowa
 Kentucky, Louisiana, Maine, Michigan, Mississippi
 Missouri, Montana, Nebraska, Nevada, New Hampshire
 New Mexico, New York, North Dakota, Oklahoma, Oregon
 Rhode Island, South Carolina, South Dakota, Tennessee, Texas
 Utah, Vermont, Wisconsin, Wyoming, ICE
 District of Columbia"
2021-08-15,Staff.Initiated,110851,17,"Alaska, Arizona, Arkansas, Florida, Georgia
 Hawaii, Idaho, Illinois, Indiana, Iowa
 Kentucky, Louisiana, Maine, Michigan, Mississippi
 Missouri, Montana, Nebraska, Nevada, New Hampshire
 New Mexico, New York, North Dakota, Oklahoma, Oregon
 Rhode Island, South Carolina, South Dakota, Tennessee, Texas
 Utah, Vermont, Wisconsin, Wyoming, ICE
 District of Columbia"
2021-08-22,Staff.Initiated,111738,17,"Alaska, Arizona, Arkansas, Florida, Georgia
 Hawaii, Idaho, Illinois, Indiana, Iowa
 Kentucky, Louisiana, Maine, Michigan, Mississippi
 Missouri, Montana, Nebraska, Nevada, New Hampshire
 New Mexico, New York, North Dakota, Oklahoma, Oregon
 Rhode Island, South Carolina, South Dakota, Tennessee, Texas
 Utah, Vermont, Wisconsin, Wyoming, ICE
 District of Columbia"
2021-08-29,Staff.Initiated,112375,16,"Alaska, Arizona, Arkansas, Delaware, Florida
 Georgia, Hawaii, Idaho, Illinois, Indiana
 Iowa, Kentucky, Louisiana, Maine, Michigan
 Mississippi, Missouri, Montana, Nebraska, Nevada
 New Hampshire, New Mexico, New York, North Dakota, Oklahoma
 Oregon, Rhode Island, South Carolina, South Dakota, Tennessee
 Texas, Utah, Vermont, Wisconsin, Wyoming
 ICE, District of Columbia"
2021-09-05,Staff.Initiated,114582,16,"Alaska, Arizona, Arkansas, Delaware, Florida
 Georgia, Hawaii, Idaho, Illinois, Indiana
 Iowa, Kentucky, Louisiana, Maine, Michigan
 Mississippi, Missouri, Montana, Nebraska, Nevada
 New Hampshire, New Mexico, New York, North Dakota, Oklahoma
 Oregon, Rhode Island, South Carolina, South Dakota, Tennessee
 Texas, Utah, Vermont, Wisconsin, Wyoming
 ICE, District of Columbia"
2021-09-12,Staff.Initiated,116149,16,"Alaska, Arizona, Arkansas, Delaware, Florida
 Georgia, Hawaii, Idaho, Illinois, Indiana
 Iowa, Kentucky, Louisiana, Maine, Michigan
 Mississippi, Missouri, Montana, Nebraska, Nevada
 New Hampshire, New Mexico, New York, North Dakota, Oklahoma
 Oregon, Rhode Island, South Carolina, South Dakota, Tennessee
 Texas, Utah, Vermont, Wisconsin, Wyoming
 ICE, District of Columbia"
