State,City,County,Facility,System,Confirmed Cases (Youth),Confirmed Cases (Staff),"Testing for Youth (Y/N)
includes testing at intake","Testing for Staff (Y/N)
includes verbal screenings and temperature checks","Visitation 
Policy (Suspended/Limited/Adapted*/
No Change/Resumed)
*includes increasing phone/video visitation","Education Policy
(In Person/Suspended/Educational Packets/Virtual)",Last Updated,Sources,Perma Links,Additional Notes
Alabama,NA,NA,NA,Systemwide,0,0,NA,NA,"Suspended, Adapted",Educational Packets,43941,https://dys.alabama.gov/wp-content/uploads/2020/04/DYS-COVID-19-Update-4-20-20-002.pdf,https://perma.cc/39U4-H8MZ,NA
Alaska,NA,Anchorage,McLaughlin Youth Facility,Juvenile Detention,0,1,NA,NA,Resumed,NA,44018,"https://www.adn.com/alaska-news/2020/04/06/anchorage-juvenile-justice-center-staff-member-among-14-new-covid-19-cases/
http://dhss.alaska.gov/djj/Pages/COVID-19.aspx",perma.cc/UN69-ACG7,NA
Arizona,NA,Yavapai County,Mingus Mountain Academy,Juvenile Detention,92,20,N,N,NA,NA,44021,https://patch.com/arizona/across-az/covid-19-outbreaks-arizona-child-detention-centers-worry-advocates,https://perma.cc/ZSY2-LY8S,NA
Arizona,NA,NA,Queen Creek,NA,23,8,NA,NA,NA,NA,44021,https://patch.com/arizona/across-az/covid-19-outbreaks-arizona-child-detention-centers-worry-advocates,https://perma.cc/BK4U-AYQC,NA
California,NA,Alameda,NA,Juvenile Detention,1,0,Y,Y,Suspended,Educational packets,44019,"Chief Probation Officer 
Wendy Still",https://perma.cc/EVS7-6PMZ,NA
California,NA,Alameda,NA,Juvenile Camp,0,0,Y,Y,Suspended,Virtual,43923,"Chief Probation 
Officer Wendy Still",https://perma.cc/HG26-UFHX,NA
California,NA,San Francisco,NA,Juvenile Detention,0,0,NA,NA,Suspended,NA,43910,https://sfpublicpress.org/news/2020-03/sfs-jailed-,https://perma.cc/AQ3G-A9G5; https://perma.cc/R9ZH-Q66T; https://perma.cc/DFZ5-PEHZ https://perma.cc/QXN6-LSP2,NA
California,NA,Los Angeles,NA,Systemwide,23,39,NA,NA,NA,NA,44001,https://www.latimes.com/california/story/2020-06-19/thirteen-test-positive-for-covid-19-at-l-a-county-juvenile-camp,perma.cc/YL67-4FFG,"Dorothy Kirby Center - 7 youth; 6 adults (6/15)
LA County Juvenile Camp - 13 youth (6/19)"
California,NA,Stockton,"N.A. Chaderjian
 Youth Correctional Facility",NA,9,0,NA,NA,NA,NA,44018,https://chronicleofsocialchange.org/justice/juvenile-justice-2/coronaviruss-arrival-in-california-juvenile-lockup-sparks-concern/44994,NA,NA
California,NA,San Bernadino,NA,Juvenile Detention,0,0,NA,NA,NA,NA,43916,https://www.dailynews.com/2020/03/26/southern-california-juvenile-halls-release-low-level-offenders-early-in-response-to-,perma.cc/FS2H-Q9PJ,NA
California,NA,NA,NA,Juvenile Prison,13,0,NA,NA,NA,NA,44025,https://www.cdcr.ca.gov/juvenile-justice/,perma.cc/3UAL-6K4L,NA
California,NA,Orange,NA,Juvenile Prison,0,0,NA,NA,NA,NA,43923,NA,NA,NA
Colorado,NA,NA,NA,Statewide,8,11,NA,NA,NA,NA,44022,https://docs.google.com/document/d/1kIFHwzDP7hiFlF_fkFkx9ptof6l3FRkhDRqsWnfSFBk/edit,NA,"Employees with COVID locations: 
 - Platte Valley YSC: 1
- Marvin Fotte YSC: 1
- The Campus at Lookout Mountain: 5
- Gilliam YSC: 1
- Mount View YSC: 3"
Connecticut,NA,Hartford,NA,Juvenile Detention,0,1,NA,Y,NA,NA,43915,https://ctmirror.org/2020/03/25/hartford-juvenile-detention-center-employee-second-doc-staffer-test-positive-for-covid-19/,perma.cc/NU2Y-WWZU,NA
Connecticut,NA,NA,Manson Youth Institute,NA,0,0,Y,Y,NA,NA,44011,https://www.courant.com/coronavirus/hc-news-coronavirus-doc-mass-testing-numbers-20200629-fdgou7ywpneknewyl32d4e3bxe-story.html,https://drive.google.com/file/d/1kWoKLSAWbZ56A47WTCtMsgmBYv2sY-Vd/view?usp=sharing,NA
Delaware,NA,NA,Ferris School,Juvenile Prison,0,1,NA,NA,Suspended,NA,43921,https://kids.delaware.gov/news/pr/pr-20200330-dscyf-announces-positive-coronavirus-test-result-at-secure-facility.pdf,perma.cc/UP8H-786H,NA
Delaware,NA,NA,"Stevenson House 
Juvenile Detention",Juvenile Detention,0,1,NA,NA,Suspended,NA,43921,https://kids.delaware.gov/news/pr/pr-20200331-dscyf-positive-coronavirus-test-result-stevenson-house.pdf,perma.cc/7MBT-5ALJ,NA
Florida,NA,NA,"Boward Regional 
Juvenile Detention Center",Juvenile Detention,4,14,NA,NA,NA,NA,44021,http://www.djj.state.fl.us/news/press-releases/press-release-detail/2020/07/09/DJJ-UPDATES-COVID19,https://perma.cc/6ASC-Z7R4,NA
Florida,NA,NA,"Palm Beach Regional
Juvenile Detention Center",Juvenile Detention,0,3,NA,NA,NA,NA,44021,http://www.djj.state.fl.us/news/press-releases/press-release-detail/2020/07/09/DJJ-UPDATES-COVID19,https://perma.cc/FV9B-MD59,NA
Florida,NA,NA,"Miami-Dade Regional Juvenile
 Detention Center",Juvenile Detention,3,12,NA,NA,NA,NA,44021,http://www.djj.state.fl.us/news/press-releases/press-release-detail/2020/07/09/DJJ-UPDATES-COVID19,https://perma.cc/4GAG-YN7C,NA
Florida,NA,NA,"Collier Regional Juvenile
 Detention Center",Juvenile Detention,2,2,NA,NA,NA,NA,44021,http://www.djj.state.fl.us/news/press-releases/press-release-detail/2020/07/09/DJJ-UPDATES-COVID19,https://perma.cc/5FH2-HVSM,NA
Florida,NA,NA,"Manatee Regional Juvenile 
Detention Center",Juvenile Detention,0,1,NA,NA,NA,NA,44021,http://www.djj.state.fl.us/news/press-releases/press-release-detail/2020/07/09/DJJ-UPDATES-COVID19,https://perma.cc/3UX8-G4UZ,NA
Florida,NA,NA,"Orange Regional Juvenile 
Detention Center",Juvenile Detention,4,3,NA,NA,NA,NA,44021,http://www.djj.state.fl.us/news/press-releases/press-release-detail/2020/07/09/DJJ-UPDATES-COVID19,https://perma.cc/EU2B-YQPS,NA
Florida,NA,NA,"Pinellas Regional Juvenile 
Detention Center",Juvenile Detention,5,5,NA,NA,NA,NA,44021,http://www.djj.state.fl.us/news/press-releases/press-release-detail/2020/07/09/DJJ-UPDATES-COVID19,https://perma.cc/3RCR-EFUW,NA
Florida,NA,NA,"Volusia Regional Juvenile 
Detention Center",Juvenile Detention,7,6,NA,NA,NA,NA,44021,http://www.djj.state.fl.us/news/press-releases/press-release-detail/2020/07/09/DJJ-UPDATES-COVID19,https://perma.cc/EY7X-F6KE,NA
Florida,NA,NA,"St. Lucie Regional Juvenile
 Detention Center",Juvenile Detention,1,1,NA,NA,NA,NA,44021,http://www.djj.state.fl.us/news/press-releases/press-release-detail/2020/07/09/DJJ-UPDATES-COVID19,https://perma.cc/D6EM-6X4U,NA
Florida,NA,NA,"Leon Regional Juvenile 
Detention Center",Juvenile Detention,1,4,NA,NA,NA,NA,44021,http://www.djj.state.fl.us/news/press-releases/press-release-detail/2020/07/09/DJJ-UPDATES-COVID19,https://perma.cc/7ADK-HNX4,NA
Florida,NA,NA,"Brevard Regional Juvenile 
Detention Center",Juvenile Detention,0,1,NA,NA,NA,NA,44021,http://www.djj.state.fl.us/news/press-releases/press-release-detail/2020/07/09/DJJ-UPDATES-COVID19,https://perma.cc/9JAL-A9BL,NA
Florida,NA,NA,"SWFL Regional Juvenile 
Detention Center",Juvenile Detention,2,1,NA,NA,NA,NA,44021,http://www.djj.state.fl.us/news/press-releases/press-release-detail/2020/07/09/DJJ-UPDATES-COVID19,https://perma.cc/Z4J2-A2QQ,NA
Florida,NA,NA,"Duval Regional Juvenile 
Detention Center",Juvenile Detention,0,1,NA,NA,NA,NA,44021,http://www.djj.state.fl.us/news/press-releases/press-release-detail/2020/07/09/DJJ-UPDATES-COVID19,https://perma.cc/LJ2G-X7KH,NA
Florida,NA,NA,"Broward Youth 
Treatment Center",Juvenile Detention,1,2,NA,NA,NA,NA,44021,http://www.djj.state.fl.us/news/press-releases/press-release-detail/2020/07/09/DJJ-UPDATES-COVID19,https://perma.cc/W3FF-CLWP,NA
Florida,NA,NA,Columbus Youth Academy,Juvenile Prison,1,4,NA,NA,NA,NA,44021,http://www.djj.state.fl.us/news/press-releases/press-release-detail/2020/07/09/DJJ-UPDATES-COVID19,https://perma.cc/W9TZ-ATD7,NA
Florida,NA,NA,Crestview Youth Academy,Juvenile Prison,0,1,NA,NA,NA,NA,44021,http://www.djj.state.fl.us/news/press-releases/press-release-detail/2020/07/09/DJJ-UPDATES-COVID19,https://perma.cc/8C2C-WX88,NA
Florida,NA,NA,Miami Youth Academy,Juvenile Prison,4,7,NA,NA,NA,NA,44021,http://www.djj.state.fl.us/news/press-releases/press-release-detail/2020/07/09/DJJ-UPDATES-COVID19,https://perma.cc/BRN6-UTS6,NA
Florida,NA,NA,Miami Girls Academy,Juvenile Prison,1,1,NA,NA,NA,NA,44021,http://www.djj.state.fl.us/news/press-releases/press-release-detail/2020/07/09/DJJ-UPDATES-COVID19,https://perma.cc/9CG3-MFRY,NA
Florida,NA,NA,Dove Academy,Juvenile Prison,0,1,NA,NA,NA,NA,44021,http://www.djj.state.fl.us/news/press-releases/press-release-detail/2020/07/09/DJJ-UPDATES-COVID19,https://perma.cc/GF39-VK5N,NA
Florida,NA,NA,"Daytona Juvenile 
Residential Facility
",Juvenile Prison,0,1,NA,NA,NA,NA,44021,http://www.djj.state.fl.us/news/press-releases/press-release-detail/2020/07/09/DJJ-UPDATES-COVID19,https://perma.cc/2PSX-27WT,NA
Florida,NA,NA,Palm Beach Youth Academy,Juvenile Prison,21,13,NA,NA,NA,NA,44021,http://www.djj.state.fl.us/news/press-releases/press-release-detail/2020/07/09/DJJ-UPDATES-COVID19,https://perma.cc/PGN2-ZLL7,NA
Florida,NA,NA,"Palm Beach Youth Academy
 Substance Abuse",Juvenile Prison,10,0,NA,NA,NA,NA,44021,http://www.djj.state.fl.us/news/press-releases/press-release-detail/2020/07/09/DJJ-UPDATES-COVID19,https://perma.cc/P56C-BBTD,NA
Florida,NA,NA,"Okeechobee Youth 
Development Center",Juvenile Prison,16,5,NA,NA,NA,NA,44021,http://www.djj.state.fl.us/news/press-releases/press-release-detail/2020/07/09/DJJ-UPDATES-COVID19,https://perma.cc/SUG8-Q3DY,NA
Florida,NA,NA,"Okeechobee Youth 
Treatment Center",Juvenile Prison,0,3,NA,NA,NA,NA,44021,http://www.djj.state.fl.us/news/press-releases/press-release-detail/2020/07/09/DJJ-UPDATES-COVID19,https://perma.cc/9QNZ-V3Q6,NA
Florida,NA,NA,Okeechobee Girls Academy,Juvenile Prison,1,3,NA,NA,NA,NA,44021,http://www.djj.state.fl.us/news/press-releases/press-release-detail/2020/07/09/DJJ-UPDATES-COVID19,https://perma.cc/5YEM-EHD8,NA
Florida,NA,NA,"Okeechobee Sex Offender 
Facility",Juvenile Prison,0,0,NA,NA,NA,NA,44021,http://www.djj.state.fl.us/news/press-releases/press-release-detail/2020/07/09/DJJ-UPDATES-COVID19,https://perma.cc/CR4L-UR3Q,NA
Florida,NA,NA,Okeechobee JOCC Max Risk,Juvenile Prison,7,2,NA,NA,NA,NA,44021,http://www.djj.state.fl.us/news/press-releases/press-release-detail/2020/07/09/DJJ-UPDATES-COVID19,https://perma.cc/6TWB-3RVY,NA
Florida,NA,NA,"Okeechobee Intensive 
Halfway House",Juvenile Prison,0,2,NA,NA,NA,NA,44021,http://www.djj.state.fl.us/news/press-releases/press-release-detail/2020/07/09/DJJ-UPDATES-COVID19,https://perma.cc/U3SN-NARK,NA
Florida,NA,NA,Oak Grove Academy,Juvenile Prison,9,5,NA,NA,NA,NA,44021,http://www.djj.state.fl.us/news/press-releases/press-release-detail/2020/07/09/DJJ-UPDATES-COVID19,https://perma.cc/CB3M-PXS8,NA
Florida,NA,NA,"Walton Academy for 
Growth and Change
",Juvenile Prison,0,1,NA,NA,NA,NA,44021,http://www.djj.state.fl.us/news/press-releases/press-release-detail/2020/07/09/DJJ-UPDATES-COVID19,https://perma.cc/HP9D-FLGB,NA
Florida,NA,NA,Escambia Boys Base,Juvenile Prison,3,4,NA,NA,NA,NA,44021,http://www.djj.state.fl.us/news/press-releases/press-release-detail/2020/07/09/DJJ-UPDATES-COVID19,https://perma.cc/UJG2-LHVM,NA
Florida,NA,NA,Kissimmee Youth Academy,Juvenile Prison,0,1,NA,NA,NA,NA,44021,http://www.djj.state.fl.us/news/press-releases/press-release-detail/2020/07/09/DJJ-UPDATES-COVID19,https://perma.cc/FL8L-LD3B,NA
Florida,NA,NA,Lake Academy,Juvenile Prison,11,1,NA,NA,NA,NA,44021,http://www.djj.state.fl.us/news/press-releases/press-release-detail/2020/07/09/DJJ-UPDATES-COVID19,https://perma.cc/3TPR-85ZH,NA
Florida,NA,NA,Redwood Youth Academy,Juvenile Prison,16,1,NA,NA,NA,NA,44021,http://www.djj.state.fl.us/news/press-releases/press-release-detail/2020/07/09/DJJ-UPDATES-COVID19,https://perma.cc/45SZ-DQBY,NA
Florida,NA,NA,Okaloosa Youth Academy,Juvenile Prison,2,4,NA,NA,NA,NA,44021,http://www.djj.state.fl.us/news/press-releases/press-release-detail/2020/07/09/DJJ-UPDATES-COVID19,https://perma.cc/L5GU-45FP,NA
Florida,NA,NA,Hillsborough Girls Academy,Juvenile Prison,2,5,NA,NA,NA,NA,44021,http://www.djj.state.fl.us/news/press-releases/press-release-detail/2020/07/09/DJJ-UPDATES-COVID19,https://perma.cc/UG52-PSK5,NA
Florida,NA,NA,Duval Academy,Juvenile Prison,0,3,NA,NA,NA,NA,44021,http://www.djj.state.fl.us/news/press-releases/press-release-detail/2020/07/09/DJJ-UPDATES-COVID19,https://perma.cc/H33X-TM6M,NA
Florida,NA,NA,"Pompano Youth 
Treatment Center",Juvenile Prison,0,1,NA,NA,NA,NA,44021,http://www.djj.state.fl.us/news/press-releases/press-release-detail/2020/07/09/DJJ-UPDATES-COVID19,https://perma.cc/4GM3-UGC8,NA
Florida,NA,NA,"Cypress Creek 
Treatment Center",Juvenile Prison,0,3,NA,NA,NA,NA,44021,http://www.djj.state.fl.us/news/press-releases/press-release-detail/2020/07/09/DJJ-UPDATES-COVID19,https://perma.cc/D5SE-FXPE,NA
Florida,NA,NA,Cypress Creek JOCC Max Risk,Juvenile Prison,0,2,NA,NA,NA,NA,44021,http://www.djj.state.fl.us/news/press-releases/press-release-detail/2020/07/09/DJJ-UPDATES-COVID19,https://perma.cc/3MY5-L9N9,NA
Florida,NA,NA,Marion Youth Academy,Juvenile Prison,1,0,NA,NA,NA,NA,44021,http://www.djj.state.fl.us/news/press-releases/press-release-detail/2020/07/09/DJJ-UPDATES-COVID19,https://perma.cc/PN25-9U8Z,NA
Florida,NA,NA,Orange Youth Academy,Juvenile Prison,0,1,NA,NA,NA,NA,44021,http://www.djj.state.fl.us/news/press-releases/press-release-detail/2020/07/09/DJJ-UPDATES-COVID19,https://perma.cc/EK7H-3THU,NA
Georgia,Midland,"Muscogee, Harris",NA,Juvenile Detention,1,4,NA,NA,NA,NA,44022,https://djj.georgia.gov/news-cloned/2020-06-08/covid-19-case-update,https://perma.cc/YHY3-Z773,NA
Georgia,Augusta,Richmond,"Augusta Regional Youth 
Detention Center",Juvenile Detention,0,0,NA,NA,NA,NA,44022,https://djj.georgia.gov/news-cloned/2020-06-08/covid-19-case-update,perma.cc/8FWK-TXA4,NA
Georgia,Cadwell,Laurens,"Cadwell Regional Youth
Detention Center",Juvenile Detention,0,0,NA,NA,NA,NA,44022,https://djj.georgia.gov/news-cloned/2020-06-08/covid-19-case-update,perma.cc/8FWK-TXA6,NA
Georgia,Claxton,Evans,"Claxton Regional Youth
Detention Center",Juvenile Detention,0,0,NA,NA,NA,NA,44022,https://djj.georgia.gov/news-cloned/2020-06-08/covid-19-case-update,perma.cc/8FWK-TXA7,NA
Georgia,Cordele,Crisp,"Crisp Regional Youth
Detention Center",Juvenile Detention,0,10,NA,NA,NA,NA,44022,https://djj.georgia.gov/news-cloned/2020-07-08/covid-19-case-update,perma.cc/8FWK-TXA8,NA
Georgia,Decatur,DeKalb,"DeKalb Regional Youth
Detention Center",Juvenile Detention,0,1,NA,NA,NA,NA,44022,https://djj.georgia.gov/news-cloned/2020-07-08/covid-19-case-update,perma.cc/8FWK-TXA9,NA
Georgia,Dalton,Whitfield,"Elbert Shaw Regional
Youth Detention Center",Juvenile Detention,0,0,NA,NA,NA,NA,44022,https://djj.georgia.gov/news-cloned/2020-07-08/covid-19-case-update,perma.cc/8FWK-TXA10,NA
Georgia,Gainesville,Hall,"Gainesville Regional 
Youth Detention Center",Juvenile Detention,10,1,NA,NA,NA,NA,44022,https://djj.georgia.gov/news-cloned/2020-07-08/covid-19-case-update,perma.cc/8FWK-TXA11,NA
Georgia,Thomasville,Thomas,"Loftiss Regional
Youth Detention Center",Juvenile Detention,0,0,NA,NA,NA,NA,44022,https://djj.georgia.gov/news-cloned/2020-07-08/covid-19-case-update,perma.cc/8FWK-TXA12,NA
Georgia,Macon,Bibb,"Macon Regional Youth
Detention Center",Juvenile Detention,0,0,NA,NA,NA,NA,44022,https://djj.georgia.gov/news-cloned/2020-07-08/covid-19-case-update,perma.cc/8FWK-TXA13,NA
Georgia,Marietta,Cobb,"Marietta Regional 
Youth Detention Center",Juvenile Detention,2,10,NA,NA,NA,NA,44022,https://djj.georgia.gov/news-cloned/2020-07-08/covid-19-case-update,perma.cc/8FWK-TXA14,NA
Georgia,Hampton,Lovejoy,"Martha Glaze Regional
Youth Detention Center",Juvenile Detention,0,0,NA,NA,NA,NA,44022,https://djj.georgia.gov/news-cloned/2020-07-08/covid-19-case-update,perma.cc/8FWK-TXA15,NA
Georgia,Atlanta,DeKalb,"Metro Regional Youth
Detention Center",Juvenile Detention,10,9,NA,NA,NA,NA,44022,https://djj.georgia.gov/news-cloned/2020-07-08/covid-19-case-update,perma.cc/8FWK-TXA16,NA
Georgia,Conyers,Rockdale,"Rockdale Regional
Youth Detention Center",Juvenile Detention,12,10,NA,NA,NA,NA,44022,https://djj.georgia.gov/news-cloned/2020-07-08/covid-19-case-update,perma.cc/8FWK-TXA17,NA
Georgia,Savannah,Chatham,"Savannah Regional
Youth Detention Center",Juvenile Detention,0,0,NA,NA,NA,NA,44022,https://djj.georgia.gov/news-cloned/2020-07-08/covid-19-case-update,perma.cc/8FWK-TXA18,NA
Georgia,Dawson,Terrell,"Terrell Regional Youth
Detention Center",Juvenile Detention,0,6,NA,NA,NA,NA,44022,https://djj.georgia.gov/news-cloned/2020-07-08/covid-19-case-update,perma.cc/8FWK-TXA19,NA
Georgia,Waycross,Ware,"Waycross Regional
Youth Detention Center",Juvenile Detention,0,0,NA,NA,NA,NA,44022,https://djj.georgia.gov/news-cloned/2020-07-08/covid-19-case-update,perma.cc/8FWK-TXA20,NA
Georgia,Washington,Wilkes,"Wilkes Regional Youth
Detention Center",Juvenile Detention,0,0,NA,NA,NA,NA,44022,https://djj.georgia.gov/news-cloned/2020-07-08/covid-19-case-update,perma.cc/8FWK-TXA21,NA
Georgia,Atlanta,DeKalb,"Atlanta Youth Detention 
Center",Juvenile Detention,6,4,NA,NA,NA,NA,44022,https://djj.georgia.gov/news-cloned/2020-07-08/covid-19-case-update,perma.cc/8FWK-TXA22,NA
Georgia,Augusta,Richmond,"Augusta Youth 
Detention Center",Juvenile Detention,0,0,NA,NA,NA,NA,44022,https://djj.georgia.gov/news-cloned/2020-07-08/covid-19-case-update,perma.cc/8FWK-TXA23,NA
Georgia,Eastman,Dodge,"Eastman Youth 
Detention Center",Juvenile Detention,0,4,NA,NA,NA,NA,44022,https://djj.georgia.gov/news-cloned/2020-07-08/covid-19-case-update,perma.cc/8FWK-TXA24,NA
Georgia,Macon,Bibb,"Macon Youth
Detention Center",Juvenile Detention,0,3,NA,NA,NA,NA,44022,https://djj.georgia.gov/news-cloned/2020-07-08/covid-19-case-update,perma.cc/8FWK-TXA26,NA
Georgia,Milledgeville,Baldwin,"Milledgeville Youth
Detention Center",Juvenile Detention,0,0,NA,NA,NA,NA,44022,https://djj.georgia.gov/news-cloned/2020-07-08/covid-19-case-update,perma.cc/8FWK-TXA27,NA
Georgia,Midland,Harris,"Muscogee Youth
Detention Center",Juvenile Detention,0,0,NA,NA,NA,NA,44022,https://djj.georgia.gov/news-cloned/2020-07-08/covid-19-case-update,perma.cc/8FWK-TXA28,NA
Georgia,Americus,Sumter,"Sumter Youth Detention
Center",Juvenile Detention,0,0,NA,NA,NA,NA,44022,https://djj.georgia.gov/news-cloned/2020-07-08/covid-19-case-update,perma.cc/8FWK-TXA29,NA
Illinois,Chicago,Cook,NA,Juvenile Detention,1,8,NA,NA,"Suspended, Adapted","Educational Packets, Virtual",44020,https://www2.illinois.gov/idjj/Pages/COVID19.aspx,https://perma.cc/7L82-63RH,NA
Illinois,Harrisburg,Saline,NA,Juvenile Detention,0,0,NA,NA,NA,NA,44020,https://www2.illinois.gov/idjj/Pages/COVID19.aspx,https://perma.cc/7L82-63RH,NA
Illinois,Pere Marquette,Jersey,NA,Juvenile Detention,0,0,NA,NA,NA,NA,44020,https://www2.illinois.gov/idjj/Pages/COVID19.aspx,https://perma.cc/7L82-63RH,NA
Illinois,St. Charles,DuPage and Kane,NA,Juvenile Detention,0,11,NA,NA,NA,NA,44020,https://www2.illinois.gov/idjj/Pages/COVID19.aspx,https://perma.cc/7L82-63RH,NA
Illinois,Warrenville,DuPage,NA,Juvenile Detention,0,3,NA,NA,NA,NA,44020,https://www2.illinois.gov/idjj/Pages/COVID19.aspx,https://perma.cc/7L82-63RH,NA
Louisiana,NA,Avoyelles Parish,"Acadiana Center 
for Youth",Juvenile Detention,1,4,Y,Y,NA,NA,44021,https://ojj.la.gov/ojj-covid-19-information/,https://perma.cc/DGZ2-XZDK,Their website is updated daily at 11:00am
Louisiana,NA,Jefferson Parish,"Bridge City Center for 
Youth",Juvenile Detention,10,21,Y,Y,NA,NA,44021,https://ojj.la.gov/ojj-covid-19-information/,https://perma.cc/DGZ2-XZDK,Their website is updated daily at 11:00am
Louisiana,NA,Ouachita Parish,"Swanson Center for 
Youth in Monroe",Juvenile Detention,6,18,Y,Y,NA,NA,79,https://ojj.la.gov/ojj-covid-19-information/,https://perma.cc/DGZ2-XZDK,Their website is updated daily at 11:00am
Louisiana,NA,Caldwell Parish,"Swanson Center for 
Youth in Columbia",Juvenile Detention,12,11,Y,Y,NA,NA,44021,https://ojj.la.gov/ojj-covid-19-information/,https://perma.cc/DGZ2-XZDK,Their website is updated daily at 11:00am
Maine,NA,NA,Long Creek Youth Development Center,Juvenile Detention,1,0,Y,Y,NA,NA,44011,https://mainebeacon.com/advocates-renew-call-to-empty-long-creek-after-16-year-old-contracts-covid/,NA,NA
Maryland,NA,NA,"Baltimore City 
Juvenile Justice Center",Juvenile Detention,2,1,Y,Y,NA,Virtual,43943,"https://www.nytimes.com/2020/04/14/us/politics/coronavirus-juvenile-detention.html?action=click&module=Top%20Stories&pgtype=Homepage

https://marylandreporter.com/2020/06/22/state-roundup-most-at-juvenile-detention-centers-still-untested-for-virus/",perma.cc/SY5R-QXFC;  perma.cc/994A-GKQD,NA
Michigan,NA,Kent,NA,Juvenile Detention,2,3,NA,NA,NA,NA,43928,NA,NA,NA
Michigan,Kalamazoo,NA,Lakeside Academy,"(Private) Juvenile
Detention",40,9,NA,NA,NA,NA,44004,https://www.metrotimes.com/news-hits/archives/2020/06/22/black-teen-died-after-screaming-i-cant-breathe-while-restrained-at-a-for-profit-youth-center-in-kalamazoo-lawsuit-states,https://perma.cc/8TZJ-YJLP,NA
Missouri,NA,NA,Hogan St Youth Center,Juvenile Detention,18,14,Y,Y,NA,NA,43999,http://www.stlamerican.com/news/local_news/clergy-demand-release-of-youth-from-covid-hot-spot/article_ed3a180c-aced-11ea-a48c-17aab91d135c.html,https://perma.cc/77BE-63JK,NA
Missouri,NA,NA,NA,Group Home,18,6,Y,Y,NA,NA,43992,https://www.kmbc.com/article/coronavirus-live-updates-in-kansas-city-missouri-kansas-cass-clay-jackson-johnson-leavenworth-platte-covid-19-wyandotte/32838268,https://perma.cc/4M5J-A2Y9,Youth-Services Home
Nebraska,NA,NA,Youth Treatment and Rehabilitation Center-Kearney,Juvenile Prison,3,6,NA,NA,NA,NA,43984,https://www.omaha.com/livewellnebraska/11-employees-and-1-patient-test-positive-for-covid-19-at-lincoln-regional-center/article_b5c166fc-1db9-5ae0-b6c4-180708ec187c.html,NA,Happened in April
New Jersey,NA,NA,NA,Systemwide,29,39,Y,Y,Suspended (Video),Virtual,44019,https://www.nj.gov/oag/jjc/covid19-facilities.html,https://perma.cc/J668-XWMF,Numbers may overlap with information from Burlington and Middlesex Counties
New Mexico,Albuquerque,NA,"Youth Diagnostic and 
Development Center",Juvenile Detention,0,1,Y,Y,NA,NA,43994,https://nmpoliticalreport.com/2020/06/12/cyfd-staff-at-youth-detention-center-tests-positive-for-covid-19/,https://perma.cc/L9V3-W36H,NA
New York,NA,Bronx,NA,Juvenile Detention,3,1,Y,NA,Suspended,NA,43931,"https://thecity.nyc/2020/03/juvenile-detention-staff-test-positive-but-no-kids-sprung.html
 https://thecity.nyc/2020/03/teens-sue-to-exit-detention-centers-as-coronavirus-closes-in.htmlhttps://thecity.nyc/2020/04/covid-staff-death-rocks-juvenile-center-for-virus-free-youth.html",https://perma.cc/ZM4Z-JHL5,NA
New York,NA,Kings,NA,Juvenile Detention,0,35,Y,NA,NA,Suspended,43979,https://jjie.org/2020/05/28/byzantine-system-for-youth-detention-facilities-in-viral-chaos/ for updated staff infections,https://perma.cc/TM53-CQ38; https://perma.cc/P4YB-462Z; https://perma.cc/F5LC-5MHD,first death 4/10
North Carolina,NA,NA,NA,Systemwide,0,4,O,O,NA,NA,44014,https://www.charlotteobserver.com/news/article243969897.html,https://perma.cc/VB2K-6RTD; https://perma.cc/FY9Z-4AXA,includes 4 youth development centers & 7 juvenile detention centers
North Carolina,NA,NA,Edgecomb Youth Development Center,Juvenile Prison,0,1,NA,NA,Suspended,NA,43992,https://jjie.org/2020/06/10/nc-emergency-petition-on-protecting-inmates-from-coronavirus-advances/,https://perma.cc/XH8V-GSGL,NA
Ohio,NA,Clark,Juvenile Detention,Clark County Juvenile Detention Center,1,4,Y,Y,NA,NA,43980,https://www.springfieldnewssun.com/news/local/coronavirus-juvenile-four-employees-test-positive-clark-county-juvenile-detention-center/GH9OmHe5T8l2G7wACqnKFI/,https://perma.cc/FHK2-9RPX,NA
Ohio,NA,Cuyahoga,NA,Juvenile Prison,1,0,NA,NA,Limited,NA,43943,https://www.cleveland.com/coronavirus/2020/04/juvenile-in-ohio-youth-prison-tests-positive-for-coronavirus.html,https://perma.cc/VB2K-6RTD; https://perma.cc/FY9Z-4AXA,NA
Ohio,NA,Franklin,NA,Juvenile Detention,1,0,NA,NA,NA,NA,43943,https://abc6onyourside.com/news/coronavirus/ohio-governor-mike-dewine-first-minor-in-juvenile-correction-facility-has-tested-positive-for-covid-19,https://perma.cc/A2B3-LGGQ,NA
Tennessee,NA,NA,Bartlett Juvenile Residential Facility,Juvenile Prison,45,NA,Y,NA,NA,NA,43961,https://www.commercialappeal.com/story/news/2020/05/29/coronavirus-memphis-live-updates/5281928002/,NA,"45 out of 48 residents tested positive,  residential/Mental Health facility, but says ""deliquent"""
Tennessee,NA,Shelby,NA,Juvenile Detention,0,1,NA,Y,Suspended,NA,43923,https://dailymemphian.com/article/12476/juvenile-detention-center-test-officer-positive-for-covid-19-van-turner,https://perma.cc/NE4P-EYGP,NA
Texas,NA,Harris,"Harris County
Juvenile Detention
Center",Juvenile Detention,1,0,NA,NA,NA,NA,43943,https://hcjpd.harriscountytx.gov/Pages/default.aspxhttps://www.essence.com/news/juvenile-justice-covid-19-coronavirus/,https://perma.cc/2944-VHXQ; https://perma.cc/EP7E-N7UB,NA
Texas,NA,Randall,"Youth Center of the High 
Plains",Juvenile Detention,0,0,NA,NA,"Suspended, Adapted",NA,43993,https://abc7amarillo.com/news/local/youth-center-of-the-high-plains-has-seen-fewer-referrals-during-pandemic,https://perma.cc/L6NB-5S27,NA
Texas,Edinburg,NA,"Evins Regional
 Juvenile Center","Juvenile 
 Prison",17,40,Y,Y,NA,NA,44025,https://www.tjjd.texas.gov/index.php/covid19,https://perma.cc/99GB-5VZ5,NA
Texas,Willis,NA,Karynâ€™s House,Youth Placement,0,4,Y,Y,NA,NA,44010,https://www.tjjd.texas.gov/index.php/doc-library/send/625-2020/2370-press-release-62820-update%E2%80%9D%20target=,https://perma.cc/99GB-5VZ5,NA
Texas,NA,NA,"Giddings State 
 School","Juvenile
 Prison",72,35,Y,Y,NA,NA,44025,https://www.tjjd.texas.gov/index.php/covid19,https://perma.cc/99GB-5VZ5,NA
Texas,Mart,NA,"McLennan County State
  Juvenile Correctional Facility",Juvenile Prison,2,5,Y,Y,NA,NA,44025,https://www.tjjd.texas.gov/index.php/covid19,https://perma.cc/99GB-5VZ5,NA
Texas,Brownwood,NA,"Ron Jackson State 
 Juvenile Correctional 
 Complex",Juvenile Prison,2,13,Y,Y,NA,NA,44025,https://www.tjjd.texas.gov/index.php/covid19,https://perma.cc/99GB-5VZ5,NA
Texas,Gainesville,Cooke County,Gainesville State School,Juvenile Prison,13,5,Y,Y,NA,NA,44025,https://www.tjjd.texas.gov/index.php/covid19,https://perma.cc/99GB-5VZ5,NA
Texas,NA,Collin County,Collin County Juvenile Detention,Juvenile Detention,4,3,Y,Y,NA,NA,44012,https://dfw.cbslocal.com/2020/06/30/4-juveniles-3-staff-test-positive-for-covid-19-in-detention-facility/,https://perma.cc/KA4P-QD66,NA
Virginia,NA,Chesterfield,NA,Juvenile Detention,30,18,NA,NA,NA,Suspended,44022,http://www.djj.virginia.gov/pages/about-djj/covid.htm,https://perma.cc/T63B-YNQ5; https://perma.cc/U8F3-7ZK8; https://perma.cc/K89W-9EV5 https://perma.cc/K89W-9EV5,NA
Virginia,NA,NA,NA,?,1,9,NA,NA,NA,NA,NA,http://www.djj.virginia.gov/pages/about-djj/covid.htm,https://perma.cc/Z228-4RJR,Contracted placements for Virginia
Washington,NA,Lewis,NA,Juvenile Prison,0,1,NA,NA,NA,NA,43944,https://crosscut.com/2020/04/advocates-seek-early-release-incarcerated-youth-amid-covid-19,https://perma.cc/Z228-4RJR,NA
Wisconsin,NA,Milwaukee,NA,Juvenile Detention,0,0,NA,NA,NA,Educational packets,43917,https://www.kalb.com/content/news/Office-of-Juvenile-Justice-reports-almost-a-dozen-positive-COVID-19-cases--569254961.html,https://perma.cc/R6C4-KL8L,NA
Wisconsin,NA,NA,Dane County Juvenile Detention Center,Juvenile Detention,0,0,N,N,"Suspended, Adapted",Virtual,44011,https://madison.com/ct/news/local/neighborhoods/for-juvenile-detention-pandemic-brings-a-chance-to-rethink/article_3c750ff7-ea2f-5264-be58-5b53e239f113.html,https://perma.cc/S9MX-LLCF,NA
Wyoming,NA,Natrona,NA,Juvenile Detention,1,0,NA,NA,NA,NA,43928,https://k2radio.com/youth-at-nc-juvenile-detention-center-positive-for-covid-19/,https://perma.cc/42WS-Q4QC,NA
NA,NA,District of Columbia,NA,Juvenile Detention,4,5,NA,NA,NA,NA,43937,NA,NA,NA
